label,Filename
1,S66-VT-126.txt
0,S66-SR-2.txt
0,S66-SR-12.txt
0,S66-SR-28.txt
0,S66-SR-41.txt
0,S66-SR-54.txt
0,S66-SR-62.txt
0,S66-SR-67.txt
0,S66-SR-77.txt
0,S66-SR-81.txt
0,S66-SR-85.txt
0,S66-SR-105.txt
0,S66-SR-108.txt
1,S57-VT-30.txt
1,S57-VT-35.txt
1,S57-VT-69.txt
1,S57-VT-72.txt
1,S57-VT-85.txt
1,S57-VT-94.txt
1,S57-VT-130.txt
1,S57-VT-131.txt
1,S57-VT-142.txt
1,S57-VT-171.txt
1,S57-VT-202.txt
1,S57-VT-205.txt
1,S57-VT-210.txt
1,S57-VT-216.txt
1,S57-VT-239.txt
1,S57-VT-269.txt
0,S57-AFb-1.txt
0,S57-AFb-2.txt
0,S57-AFb-3.txt
0,S57-AFb-4.txt
0,S57-AFb-5.txt
0,S57-AFb-6.txt
0,S57-AFb-7.txt
0,S57-AFb-8.txt
0,S57-AFb-9.txt
0,S57-AFb-10.txt
0,S57-AFb-11.txt
0,S57-AFb-12.txt
0,S57-AFb-13.txt
0,S57-AFb-14.txt
0,S57-AFb-15.txt
0,S57-AFb-16.txt
0,S57-AFb-17.txt
0,S57-AFb-18.txt
0,S57-AFb-19.txt
0,S57-AFb-20.txt
0,S57-AFb-21.txt
0,S57-AFb-22.txt
0,S57-AFb-23.txt
0,S57-AFb-24.txt
0,S57-AFb-25.txt
0,S57-SR-280.txt
0,S57-SR-292.txt
0,S36-SR-1.txt
0,S36-SR-6.txt
0,S36-SR-37.txt
0,S36-SR-42.txt
0,S36-SR-57.txt
0,S36-SR-64.txt
0,S36-SR-69.txt
0,S36-SR-70.txt
0,S36-SR-78.txt
0,S36-SR-89.txt
0,S36-SR-95.txt
0,S36-SR-110.txt
0,S36-SR-111.txt
0,S36-SR-116.txt
0,S36-SR-133.txt
0,S36-SR-158.txt
0,S36-SR-163.txt
0,S36-SVT-170.txt
0,S36-SVT-171.txt
0,S36-SVT-172.txt
0,S36-SVT-173.txt
0,S36-SVT-174.txt
0,S36-SVT-175.txt
0,S36-SVT-176.txt
0,S36-SVT-177.txt
0,S36-SVT-178.txt
0,S36-SVT-179.txt
0,S36-SVT-180.txt
0,S36-SVT-181.txt
0,S36-SVT-182.txt
0,S36-SVT-183.txt
0,S36-SVT-184.txt
0,S36-SVT-185.txt
0,S36-SVT-186.txt
0,S36-SVT-187.txt
0,S36-SVT-188.txt
0,S36-SVT-189.txt
0,S36-SVT-190.txt
0,S36-SVT-191.txt
0,S36-SVT-192.txt
0,S36-SVT-193.txt
0,S36-SVT-194.txt
0,S36-SVT-195.txt
0,S36-SVT-196.txt
0,S36-SVT-197.txt
0,S36-SVT-198.txt
0,S36-SVT-199.txt
0,S36-SVT-200.txt
0,S36-SVT-201.txt
0,S36-SVT-202.txt
0,S36-SVT-203.txt
0,S36-SVT-204.txt
0,S36-SVT-205.txt
0,S36-SVT-206.txt
0,S36-SVT-207.txt
0,S36-SVT-208.txt
0,S36-SVT-209.txt
0,S36-SVT-210.txt
0,S36-SVT-211.txt
0,S36-SVT-212.txt
0,S36-SVT-213.txt
0,S36-SVT-214.txt
0,S36-SVT-215.txt
0,S36-SVT-216.txt
0,S36-SVT-217.txt
0,S36-SVT-218.txt
0,S36-SVT-219.txt
0,S36-SVT-220.txt
0,S36-SVT-221.txt
0,S36-SVT-222.txt
0,S36-SVT-223.txt
0,S36-SVT-224.txt
0,S36-SVT-225.txt
0,S36-SVT-226.txt
0,S69-SR-1.txt
0,S69-SR-5.txt
0,S69-SR-7.txt
0,S69-SR-24.txt
0,S69-SR-26.txt
0,S69-SR-36.txt
0,S69-SR-46.txt
0,S69-SR-72.txt
0,S69-SR-76.txt
0,S69-SR-79.txt
0,S69-SR-81.txt
0,S69-SR-82.txt
0,S69-SR-97.txt
0,S69-SR-104.txt
0,S69-SR-111.txt
0,S69-SR-115.txt
0,S69-SR-121.txt
0,S69-SR-123.txt
0,S69-SR-127.txt
0,S69-SR-130.txt
0,S69-SR-144.txt
0,S69-SR-147.txt
0,S69-SR-150.txt
0,S69-SR-154.txt
0,S69-SR-161.txt
0,S69-SR-162.txt
0,S69-SR-171.txt
0,S69-SR-172.txt
0,S69-SR-186.txt
0,S69-SR-198.txt
0,S69-SR-200.txt
1,S24-VT-146.txt
1,S24-VT-155.txt
1,S24-VT-177.txt
1,S24-VT-193.txt
1,S24-VT-197.txt
1,S24-VT-210.txt
1,S24-VT-239.txt
0,S24-SR-14.txt
0,S24-SR-15.txt
0,S24-SR-94.txt
0,S24-SR-97.txt
0,S24-SR-101.txt
0,S24-SR-124.txt
0,S24-SR-125.txt
0,S59-AFb-1.txt
0,S59-AFb-2.txt
0,S59-AFb-3.txt
0,S59-AFb-4.txt
0,S59-AFb-5.txt
0,S59-AFb-6.txt
0,S59-AFb-7.txt
0,S59-AFb-8.txt
0,S59-AFb-9.txt
0,S59-AFb-10.txt
0,S59-AFb-11.txt
0,S59-AFb-12.txt
0,S59-AFb-13.txt
0,S59-AFb-14.txt
0,S59-AFb-15.txt
0,S59-AFb-16.txt
0,S59-AFb-17.txt
0,S59-AFb-18.txt
0,S59-AFb-19.txt
0,S59-AFb-20.txt
0,S59-AFb-21.txt
0,S59-AFb-22.txt
0,S59-AFb-23.txt
0,S59-AFb-24.txt
0,S59-AFb-25.txt
0,S59-AFb-26.txt
0,S59-AFb-27.txt
0,S59-AFb-28.txt
0,S59-AFb-29.txt
0,S59-AFb-30.txt
0,S59-AFb-31.txt
0,S59-AFb-32.txt
0,S59-AFb-33.txt
0,S59-AFb-34.txt
0,S59-AFb-35.txt
0,S59-AFb-36.txt
0,S59-AFb-37.txt
0,S59-AFb-38.txt
0,S59-AFb-39.txt
0,S59-AFb-40.txt
0,S59-AFb-41.txt
0,S59-AFb-42.txt
0,S59-AFb-43.txt
0,S59-AFb-44.txt
0,S59-AFb-45.txt
0,S59-AFb-46.txt
0,S59-AFb-47.txt
0,S59-AFb-48.txt
0,S59-AFb-49.txt
0,S59-AFb-50.txt
0,S59-AFb-51.txt
0,S59-AFb-52.txt
0,S59-AFb-53.txt
0,S59-AFb-54.txt
0,S59-AFb-55.txt
0,S59-AFb-56.txt
0,S59-AFb-57.txt
0,S59-AFb-58.txt
0,S59-AFb-59.txt
0,S59-AFb-60.txt
0,S59-AFb-61.txt
0,S59-AFb-62.txt
0,S59-AFb-63.txt
0,S59-AFb-64.txt
0,S59-AFb-65.txt
0,S59-AFb-66.txt
0,S59-AFb-67.txt
0,S59-AFb-68.txt
0,S59-AFb-69.txt
0,S59-AFb-70.txt
0,S59-AFb-71.txt
0,S59-AFb-72.txt
0,S59-AFb-73.txt
0,S59-AFb-74.txt
0,S59-AFb-75.txt
0,S59-AFb-76.txt
0,S59-AFb-77.txt
0,S59-AFb-78.txt
0,S59-AFb-79.txt
0,S59-AFb-80.txt
0,S59-AFb-81.txt
0,S59-AFb-82.txt
0,S59-AFb-83.txt
0,S59-AFb-84.txt
0,S59-AFb-85.txt
0,S59-AFb-86.txt
0,S59-AFb-87.txt
0,S59-AFb-88.txt
0,S59-AFb-89.txt
0,S59-AFb-90.txt
0,S59-AFb-91.txt
0,S59-AFb-92.txt
0,S59-AFb-93.txt
0,S59-AFb-94.txt
0,S59-AFb-95.txt
0,S59-AFb-96.txt
0,S59-AFb-97.txt
0,S59-AFb-98.txt
0,S59-AFb-99.txt
0,S59-AFb-100.txt
0,S59-AFb-101.txt
0,S59-AFb-102.txt
0,S59-AFb-103.txt
0,S59-AFb-104.txt
0,S59-AFb-105.txt
0,S59-AFb-106.txt
0,S59-AFb-107.txt
0,S59-AFb-108.txt
0,S59-AFb-109.txt
0,S59-AFb-110.txt
0,S59-AFb-111.txt
0,S59-AFb-112.txt
0,S59-AFb-113.txt
0,S59-AFb-114.txt
0,S59-AFb-115.txt
0,S59-AFb-116.txt
0,S59-AFb-117.txt
0,S59-AFb-118.txt
0,S59-AFb-119.txt
0,S59-AFb-120.txt
0,S59-AFb-121.txt
0,S59-AFb-122.txt
0,S59-AFb-123.txt
0,S59-AFb-124.txt
0,S59-AFb-125.txt
0,S59-AFb-126.txt
0,S59-AFb-127.txt
0,S59-AFb-128.txt
0,S59-AFb-129.txt
0,S59-AFb-130.txt
0,S59-AFb-131.txt
0,S59-AFb-132.txt
0,S59-AFb-133.txt
0,S59-AFb-134.txt
0,S59-AFb-135.txt
0,S59-AFb-136.txt
0,S59-AFb-137.txt
0,S59-AFb-138.txt
0,S59-AFb-139.txt
1,S06-VT-127.txt
1,S06-VT-132.txt
1,S06-VT-133.txt
1,S06-VT-144.txt
1,S06-VT-145.txt
1,S06-VT-157.txt
1,S06-VT-167.txt
1,S06-VT-170.txt
1,S06-VT-175.txt
1,S06-VT-179.txt
1,S06-VT-206.txt
1,S06-VT-216.txt
1,S06-VT-229.txt
1,S06-VT-236.txt
1,S06-VT-245.txt
1,S06-VT-254.txt
1,S06-VT-265.txt
1,S06-VT-287.txt
1,S06-VT-316.txt
1,S06-VT-327.txt
1,S06-VT-335.txt
1,S06-VT-352.txt
1,S06-VT-370.txt
1,S06-VT-385.txt
1,S06-VT-393.txt
1,S06-VT-394.txt
1,S06-VT-398.txt
1,S06-VT-422.txt
1,S06-VT-428.txt
1,S06-VT-432.txt
1,S06-VT-443.txt
1,S06-VT-457.txt
1,S06-VT-465.txt
1,S06-VT-468.txt
1,S06-VT-471.txt
1,S06-VT-472.txt
1,S06-VT-483.txt
1,S06-VT-489.txt
1,S06-VT-509.txt
1,S06-VT-524.txt
1,S06-VT-525.txt
1,S06-VT-529.txt
1,S06-VT-545.txt
1,S06-VT-554.txt
1,S06-VT-555.txt
1,S06-VT-564.txt
1,S06-VT-594.txt
1,S06-VT-602.txt
1,S06-VT-630.txt
1,S06-VT-643.txt
1,S06-VT-651.txt
1,S06-VT-670.txt
0,S06-AFt-1.txt
0,S06-AFt-2.txt
0,S06-AFt-3.txt
0,S06-AFt-4.txt
0,S06-AFt-5.txt
0,S06-AFt-6.txt
0,S06-AFt-7.txt
0,S06-AFt-8.txt
0,S06-AFt-9.txt
0,S06-AFt-10.txt
0,S06-AFt-11.txt
0,S06-AFt-12.txt
0,S06-AFt-13.txt
0,S06-AFt-14.txt
0,S06-AFt-15.txt
0,S06-AFt-16.txt
0,S06-AFt-17.txt
0,S06-AFt-18.txt
0,S06-AFt-19.txt
0,S06-AFt-20.txt
0,S06-AFt-21.txt
0,S06-AFt-22.txt
0,S06-AFt-23.txt
0,S06-AFt-24.txt
0,S06-AFt-25.txt
0,S06-AFt-26.txt
0,S06-AFt-27.txt
0,S06-AFt-28.txt
0,S06-AFt-29.txt
0,S06-AFt-30.txt
0,S06-AFt-31.txt
0,S06-AFt-32.txt
0,S06-AFt-33.txt
0,S06-AFt-34.txt
0,S06-AFt-35.txt
0,S06-AFt-36.txt
0,S06-AFt-37.txt
0,S06-AFt-38.txt
0,S06-AFt-39.txt
0,S06-AFt-40.txt
0,S06-AFt-41.txt
0,S06-AFt-42.txt
0,S06-AFt-43.txt
0,S06-AFt-44.txt
0,S06-AFt-45.txt
0,S06-AFt-46.txt
0,S06-AFt-47.txt
0,S06-AFt-48.txt
0,S06-AFt-49.txt
0,S06-AFt-50.txt
0,S06-AFt-51.txt
0,S06-AFt-52.txt
0,S06-AFt-53.txt
0,S06-AFt-54.txt
0,S06-AFt-55.txt
0,S06-AFt-56.txt
0,S06-AFt-57.txt
0,S06-AFt-58.txt
0,S06-AFt-59.txt
0,S06-AFt-60.txt
0,S06-AFt-61.txt
0,S06-AFt-62.txt
0,S06-AFt-63.txt
0,S06-AFt-64.txt
0,S06-AFt-65.txt
0,S06-AFt-66.txt
0,S06-AFt-67.txt
0,S06-AFt-68.txt
0,S06-AFt-69.txt
0,S06-AFt-70.txt
0,S06-AFt-71.txt
0,S06-AFt-72.txt
0,S06-AFt-73.txt
0,S06-AFt-74.txt
0,S06-AFt-75.txt
0,S06-AFt-76.txt
0,S06-AFt-77.txt
0,S06-AFt-78.txt
0,S06-AFt-79.txt
0,S06-AFt-80.txt
0,S06-AFt-81.txt
0,S06-AFt-82.txt
0,S06-AFt-83.txt
0,S06-AFt-84.txt
0,S06-AFt-85.txt
0,S06-AFt-86.txt
0,S06-AFt-87.txt
0,S06-AFt-88.txt
0,S06-AFt-89.txt
0,S06-AFt-90.txt
0,S06-AFt-91.txt
0,S06-AFt-92.txt
0,S06-AFt-93.txt
0,S06-AFt-94.txt
0,S06-AFt-95.txt
0,S06-AFt-96.txt
0,S06-AFt-97.txt
0,S06-AFt-98.txt
0,S06-AFt-99.txt
0,S06-AFt-100.txt
0,S06-AFt-101.txt
0,S06-AFt-102.txt
0,S06-AFt-103.txt
0,S06-AFt-104.txt
0,S06-AFt-105.txt
0,S06-AFt-106.txt
0,S06-AFt-107.txt
0,S06-AFt-108.txt
0,S06-AFt-109.txt
0,S06-AFt-110.txt
0,S06-AFt-111.txt
0,S06-AFt-112.txt
0,S06-AFt-113.txt
0,S06-AFt-114.txt
0,S06-AFt-115.txt
0,S06-AFt-116.txt
0,S06-AFt-117.txt
0,S06-AFt-118.txt
0,S06-AFt-119.txt
0,S06-AFt-120.txt
1,S26-VT-674.txt
1,S26-VT-682.txt
1,S26-VT-684.txt
1,S26-VT-693.txt
1,S26-VT-697.txt
1,S26-VT-698.txt
1,S26-VT-709.txt
1,S26-VT-725.txt
1,S26-VT-728.txt
1,S26-VT-741.txt
1,S26-VT-744.txt
1,S26-VT-749.txt
1,S26-VT-759.txt
1,S26-VT-766.txt
1,S26-VT-767.txt
1,S26-VT-782.txt
1,S26-VT-789.txt
1,S26-VT-801.txt
1,S26-VT-811.txt
1,S26-VT-821.txt
1,S26-VT-825.txt
1,S26-VT-842.txt
1,S26-VT-850.txt
1,S26-VT-855.txt
1,S26-VT-864.txt
1,S26-VT-865.txt
1,S26-VT-884.txt
0,S26-SR-2.txt
0,S26-SR-8.txt
0,S26-SR-9.txt
0,S26-SR-19.txt
0,S26-SR-66.txt
0,S26-SR-78.txt
0,S26-SR-79.txt
0,S26-SR-98.txt
0,S26-SR-110.txt
0,S26-SR-112.txt
0,S26-SR-113.txt
0,S26-SR-118.txt
0,S26-SR-123.txt
0,S26-SR-127.txt
0,S26-SR-132.txt
0,S26-SR-134.txt
0,S26-SR-139.txt
0,S26-SR-142.txt
0,S26-SR-146.txt
0,S26-SR-147.txt
0,S26-SR-154.txt
0,S26-SR-170.txt
0,S26-SR-189.txt
0,S26-SR-195.txt
0,S26-SR-201.txt
0,S26-SR-220.txt
0,S26-SR-224.txt
0,S26-SR-227.txt
0,S26-SR-232.txt
0,S26-SR-235.txt
0,S26-SR-243.txt
0,S26-SR-258.txt
0,S26-SR-267.txt
0,S26-SR-273.txt
0,S26-SR-275.txt
0,S26-SR-280.txt
0,S26-SR-291.txt
0,S26-SR-332.txt
0,S26-SR-343.txt
0,S26-SR-349.txt
0,S26-SR-355.txt
0,S26-SR-357.txt
0,S26-SR-360.txt
0,S26-SR-390.txt
0,S26-SR-407.txt
0,S26-SR-411.txt
0,S26-SR-428.txt
0,S26-SR-434.txt
0,S26-SR-447.txt
0,S26-SR-450.txt
0,S26-SR-451.txt
0,S26-SR-461.txt
0,S26-SR-468.txt
0,S26-SR-482.txt
0,S26-SR-484.txt
0,S26-SR-497.txt
0,S26-SR-503.txt
0,S26-SR-506.txt
0,S26-SR-508.txt
0,S26-SR-509.txt
0,S26-SR-520.txt
0,S26-SR-529.txt
0,S26-SR-530.txt
0,S26-SR-550.txt
0,S26-SR-583.txt
0,S26-SR-587.txt
0,S26-SR-590.txt
0,S26-SR-609.txt
0,S26-SR-634.txt
0,S26-SR-644.txt
0,S26-SR-664.txt
1,S64-VFb-199.txt
1,S64-VFb-200.txt
1,S64-VFb-201.txt
1,S64-VFb-202.txt
1,S64-VFb-203.txt
1,S64-VFb-204.txt
1,S64-VFb-205.txt
1,S64-VFb-206.txt
1,S64-VFb-207.txt
1,S64-VFb-208.txt
1,S64-VFb-209.txt
1,S64-VFb-210.txt
1,S64-VFb-211.txt
1,S64-VFb-212.txt
1,S64-VFb-213.txt
1,S64-VFb-214.txt
1,S64-VFb-215.txt
1,S64-VFb-216.txt
1,S64-VFb-217.txt
1,S64-VFb-218.txt
1,S64-VFb-219.txt
1,S64-VFb-220.txt
1,S64-VFb-221.txt
1,S64-VFb-222.txt
1,S64-VFb-223.txt
1,S64-VFb-224.txt
1,S64-VFb-225.txt
1,S64-VFb-226.txt
1,S64-VFb-227.txt
1,S64-VFb-228.txt
1,S64-VFb-229.txt
1,S64-VFb-230.txt
1,S64-VFb-231.txt
1,S64-VFb-232.txt
1,S64-VFb-233.txt
1,S64-VFb-234.txt
1,S64-VFb-235.txt
1,S64-VFb-236.txt
1,S64-VFb-237.txt
1,S64-VFb-238.txt
1,S64-VFb-239.txt
1,S64-VFb-240.txt
1,S64-VFb-241.txt
1,S64-VFb-242.txt
1,S64-VFb-243.txt
1,S64-VFb-244.txt
1,S64-VFb-245.txt
1,S64-VFb-246.txt
1,S64-VFb-247.txt
1,S64-VFb-248.txt
1,S64-VFb-249.txt
1,S64-VFb-250.txt
1,S64-VFb-251.txt
1,S64-VFb-252.txt
1,S64-VFb-253.txt
1,S64-VFb-254.txt
1,S64-VFb-255.txt
1,S64-VFb-256.txt
1,S64-VFb-257.txt
1,S64-VFb-258.txt
1,S64-VFb-259.txt
1,S64-VFb-260.txt
1,S64-VFb-261.txt
1,S64-VFb-262.txt
1,S64-VFb-263.txt
1,S64-VFb-264.txt
1,S64-VFb-265.txt
1,S64-VFb-266.txt
1,S64-VFb-290.txt
1,S64-VFb-291.txt
1,S64-VFb-292.txt
1,S64-VFb-293.txt
1,S64-VFb-294.txt
1,S64-VFb-295.txt
1,S64-VFb-296.txt
1,S64-VFb-297.txt
1,S64-VFb-298.txt
1,S64-VFb-299.txt
1,S64-VFb-300.txt
1,S64-VFb-301.txt
1,S64-VFb-302.txt
1,S64-VFb-303.txt
1,S64-VFb-304.txt
1,S64-VFb-305.txt
1,S64-VFb-306.txt
1,S64-VFb-307.txt
1,S64-VFb-308.txt
1,S64-VFb-309.txt
1,S64-VFb-310.txt
1,S64-VFb-311.txt
1,S64-VFb-312.txt
1,S64-VFb-313.txt
1,S64-VFb-314.txt
1,S64-VFb-315.txt
1,S64-VFb-316.txt
1,S64-VFb-317.txt
1,S64-VFb-318.txt
1,S64-VFb-319.txt
1,S64-VFb-320.txt
1,S64-VFb-321.txt
1,S64-VFb-322.txt
1,S64-VFb-323.txt
1,S64-VFb-324.txt
1,S64-VFb-325.txt
1,S64-VFb-326.txt
1,S64-VFb-327.txt
1,S64-VFb-328.txt
1,S64-VFb-329.txt
1,S64-VFb-330.txt
1,S64-VFb-331.txt
1,S64-VFb-332.txt
1,S64-VFb-333.txt
1,S64-VFb-334.txt
1,S64-VFb-335.txt
1,S64-VFb-336.txt
1,S64-VFb-337.txt
1,S64-VFb-338.txt
1,S64-VFb-339.txt
1,S64-VFb-340.txt
1,S64-VFb-341.txt
1,S64-VFb-342.txt
1,S64-VFb-343.txt
1,S64-VFb-344.txt
1,S64-VFb-345.txt
1,S64-VFb-346.txt
1,S64-VFb-347.txt
1,S64-VFb-348.txt
1,S64-VFb-349.txt
1,S64-VFb-350.txt
1,S64-VFb-351.txt
1,S64-VFb-352.txt
1,S64-VFb-353.txt
1,S64-VFb-354.txt
1,S64-VFb-355.txt
1,S64-VFb-356.txt
1,S64-VFb-357.txt
1,S64-VFb-358.txt
1,S64-VFb-359.txt
1,S64-VFb-360.txt
1,S64-VFb-361.txt
1,S64-VFb-362.txt
1,S64-VFb-363.txt
1,S64-VFb-364.txt
1,S64-VFb-365.txt
1,S64-VFb-366.txt
1,S64-VFb-367.txt
1,S64-VFb-368.txt
1,S64-VFb-369.txt
1,S64-VFb-370.txt
1,S64-VFb-371.txt
1,S64-VFb-372.txt
1,S64-VFb-373.txt
1,S64-VFb-374.txt
1,S64-VFb-375.txt
1,S64-VFb-376.txt
1,S64-VFb-377.txt
1,S64-VFb-378.txt
1,S64-VFb-379.txt
1,S64-VFb-380.txt
1,S64-VFb-381.txt
1,S64-VFb-382.txt
1,S64-VFb-383.txt
1,S64-VFb-384.txt
1,S64-VFb-385.txt
1,S64-VFb-386.txt
1,S64-VFb-387.txt
1,S64-VFb-388.txt
1,S64-VFb-389.txt
1,S64-VFb-390.txt
1,S64-VFb-391.txt
1,S64-VFb-392.txt
1,S64-VFb-393.txt
1,S64-VFb-394.txt
1,S64-VFb-395.txt
1,S64-VFb-396.txt
1,S64-VFb-397.txt
1,S64-VFb-398.txt
1,S64-VFb-399.txt
1,S64-VFb-400.txt
1,S64-VFb-401.txt
1,S64-VFb-402.txt
1,S64-VFb-403.txt
1,S64-VFb-404.txt
1,S64-VFb-405.txt
1,S64-VFb-406.txt
1,S64-VFb-407.txt
1,S64-VFb-408.txt
1,S64-VFb-409.txt
1,S64-VFb-410.txt
1,S64-VFb-411.txt
1,S64-VFb-412.txt
1,S64-VFb-413.txt
1,S64-VFb-414.txt
1,S64-VFb-415.txt
1,S64-VFb-416.txt
1,S64-VFb-417.txt
1,S64-VFb-418.txt
1,S64-VFb-419.txt
1,S64-VFb-420.txt
1,S64-VFb-421.txt
1,S64-VFb-422.txt
1,S64-VFb-423.txt
1,S64-VFb-424.txt
1,S64-VFb-425.txt
1,S64-VFb-426.txt
0,S64-SR-7.txt
0,S64-SR-9.txt
0,S64-SR-31.txt
0,S64-SR-32.txt
0,S64-SR-35.txt
0,S64-SR-36.txt
0,S64-SR-39.txt
0,S64-SR-42.txt
0,S64-SR-46.txt
0,S64-SR-50.txt
0,S64-SR-58.txt
0,S64-SR-61.txt
0,S64-SR-67.txt
0,S64-SR-71.txt
0,S64-SR-72.txt
0,S64-SR-94.txt
0,S64-SR-103.txt
0,S64-SR-110.txt
0,S64-SR-116.txt
0,S64-SR-117.txt
0,S64-SR-123.txt
0,S64-SR-127.txt
0,S64-SR-130.txt
0,S64-SR-131.txt
0,S64-SR-133.txt
0,S64-SR-279.txt
0,S34-SR-34.txt
0,S34-SR-47.txt
0,S34-SR-73.txt
0,S34-SR-95.txt
0,S34-SR-99.txt
0,S34-SR-106.txt
0,S34-SR-107.txt
0,S34-SR-114.txt
0,S34-SR-128.txt
0,S34-SR-131.txt
0,S34-SR-139.txt
0,S34-SR-147.txt
0,S34-SR-192.txt
0,S34-SR-204.txt
0,S34-SR-217.txt
0,S34-SR-230.txt
0,S34-SR-232.txt
0,S34-SR-240.txt
0,S28-SR-1.txt
0,S28-SR-5.txt
0,S28-SR-9.txt
0,S28-SR-39.txt
0,S28-SR-41.txt
0,S28-SR-43.txt
0,S28-SR-53.txt
0,S28-SR-65.txt
0,S28-SR-73.txt
0,S28-SR-79.txt
0,S28-SR-91.txt
0,S28-SR-97.txt
0,S28-SR-106.txt
0,S28-SR-108.txt
0,S28-SR-131.txt
0,S28-SR-134.txt
0,S28-SR-139.txt
0,S28-SR-147.txt
0,S28-SR-152.txt
0,S28-SR-157.txt
0,S28-SR-165.txt
0,S28-SR-176.txt
0,S28-SR-185.txt
0,S28-SR-188.txt
0,S28-SR-215.txt
0,S28-SR-226.txt
0,S28-SR-259.txt
0,S28-SR-401.txt
0,S28-SR-405.txt
0,S28-SR-425.txt
0,S28-SR-465.txt
0,S28-SR-478.txt
0,S28-SR-489.txt
0,S28-SR-490.txt
0,S28-SR-493.txt
0,S28-SVT-274.txt
0,S28-SVT-275.txt
0,S28-SVT-276.txt
0,S28-SVT-277.txt
0,S28-SVT-278.txt
0,S28-SVT-279.txt
0,S28-SVT-280.txt
0,S28-SVT-281.txt
0,S28-SVT-282.txt
0,S28-SVT-283.txt
0,S28-SVT-284.txt
0,S28-SVT-285.txt
0,S28-SVT-286.txt
0,S28-SVT-287.txt
0,S28-SVT-288.txt
0,S28-SVT-289.txt
0,S28-SVT-290.txt
0,S28-SVT-291.txt
0,S28-SVT-292.txt
0,S28-SVT-293.txt
0,S28-SVT-294.txt
0,S28-SVT-295.txt
0,S28-SVT-296.txt
0,S28-SVT-297.txt
0,S28-SVT-298.txt
0,S28-SVT-299.txt
0,S28-SVT-300.txt
0,S28-SVT-301.txt
0,S28-SVT-302.txt
0,S28-SVT-303.txt
0,S28-SVT-304.txt
0,S28-SVT-305.txt
0,S28-SVT-306.txt
0,S28-SVT-307.txt
0,S28-SVT-308.txt
0,S28-SVT-309.txt
0,S28-SVT-310.txt
0,S28-SVT-311.txt
0,S28-SVT-312.txt
0,S28-SVT-313.txt
0,S28-SVT-314.txt
0,S28-SVT-315.txt
0,S28-SVT-316.txt
0,S28-SVT-317.txt
0,S28-SVT-318.txt
0,S28-SVT-319.txt
0,S28-SVT-320.txt
0,S28-SVT-321.txt
0,S28-SVT-322.txt
0,S28-SVT-323.txt
0,S28-SVT-324.txt
0,S28-SVT-325.txt
0,S28-SVT-326.txt
0,S28-SVT-327.txt
0,S28-SVT-328.txt
0,S28-SVT-329.txt
0,S28-SVT-330.txt
0,S28-SVT-331.txt
0,S28-SVT-332.txt
0,S28-SVT-333.txt
0,S28-SVT-334.txt
0,S28-SVT-335.txt
0,S28-SVT-336.txt
0,S28-SVT-337.txt
0,S28-SVT-338.txt
0,S28-SVT-339.txt
0,S28-SVT-340.txt
0,S28-SVT-341.txt
0,S28-SVT-342.txt
0,S28-SVT-343.txt
0,S28-SVT-344.txt
0,S28-SVT-345.txt
0,S28-SVT-346.txt
0,S28-SVT-347.txt
0,S28-SVT-348.txt
0,S28-SVT-349.txt
0,S28-SVT-350.txt
0,S28-SVT-351.txt
0,S28-SVT-352.txt
0,S28-SVT-353.txt
0,S28-SVT-354.txt
0,S28-SVT-355.txt
0,S28-SVT-356.txt
0,S28-SVT-357.txt
0,S28-SVT-358.txt
0,S28-SVT-359.txt
0,S28-SVT-360.txt
0,S28-SVT-361.txt
0,S28-SVT-362.txt
0,S28-SVT-363.txt
0,S28-SVT-364.txt
0,S28-SVT-365.txt
0,S28-SVT-366.txt
0,S28-SVT-367.txt
0,S28-SVT-368.txt
0,S28-SVT-369.txt
0,S28-SVT-370.txt
0,S28-SVT-371.txt
0,S28-SVT-372.txt
0,S28-SVT-373.txt
0,S28-SVT-374.txt
0,S28-SVT-375.txt
0,S28-SVT-376.txt
0,S28-SVT-377.txt
0,S28-SVT-378.txt
0,S28-SVT-379.txt
0,S28-SVT-380.txt
0,S28-SVT-381.txt
0,S28-SVT-382.txt
0,S28-SVT-383.txt
0,S28-SVT-384.txt
0,S28-SVT-385.txt
0,S28-SVT-386.txt
0,S28-SVT-387.txt
0,S28-SVT-388.txt
0,S28-SVT-389.txt
1,S63-VT-110.txt
1,S63-VT-117.txt
1,S63-VT-161.txt
1,S63-VT-162.txt
1,S63-VT-164.txt
1,S63-VT-169.txt
1,S63-VT-173.txt
1,S63-VT-181.txt
0,S63-AFb-1.txt
0,S63-AFb-2.txt
0,S63-AFb-3.txt
0,S63-AFb-4.txt
0,S63-AFb-5.txt
0,S63-AFb-6.txt
0,S63-AFb-7.txt
0,S63-AFb-8.txt
0,S63-AFb-9.txt
0,S63-AFb-10.txt
0,S63-AFb-11.txt
0,S63-AFb-12.txt
0,S63-AFb-13.txt
0,S63-AFb-14.txt
0,S63-AFb-15.txt
0,S63-AFb-16.txt
0,S63-AFb-17.txt
0,S63-AFb-18.txt
0,S63-AFb-19.txt
0,S63-AFb-20.txt
0,S63-AFb-21.txt
0,S63-AFb-22.txt
0,S63-AFb-23.txt
0,S63-AFb-24.txt
0,S63-AFb-25.txt
0,S63-AFb-26.txt
0,S63-AFb-27.txt
0,S63-AFb-28.txt
0,S63-AFb-29.txt
0,S63-AFb-30.txt
0,S63-AFb-31.txt
0,S63-AFb-32.txt
0,S63-AFb-33.txt
0,S63-AFb-34.txt
0,S63-AFb-35.txt
0,S63-AFb-36.txt
0,S63-AFb-37.txt
0,S63-AFb-38.txt
0,S63-AFb-39.txt
0,S63-AFb-40.txt
0,S63-AFb-41.txt
0,S63-AFb-42.txt
0,S63-AFb-43.txt
0,S63-AFb-44.txt
0,S63-AFb-45.txt
0,S63-AFb-46.txt
0,S63-AFb-47.txt
0,S63-AFb-48.txt
0,S63-AFb-49.txt
0,S63-AFb-50.txt
0,S63-AFb-51.txt
0,S63-AFb-52.txt
0,S63-AFb-53.txt
0,S63-AFb-54.txt
0,S63-AFb-55.txt
0,S63-AFb-56.txt
0,S63-AFb-57.txt
0,S63-AFb-58.txt
0,S63-AFb-59.txt
0,S63-AFb-60.txt
0,S63-AFb-61.txt
0,S63-AFb-62.txt
0,S63-AFb-63.txt
0,S63-AFb-64.txt
0,S63-AFb-65.txt
0,S63-AFb-66.txt
0,S63-AFb-67.txt
0,S63-AFb-68.txt
0,S63-AFb-69.txt
0,S63-AFb-70.txt
0,S63-AFb-71.txt
0,S63-AFb-72.txt
0,S63-AFb-73.txt
0,S63-AFb-74.txt
0,S63-AFb-75.txt
0,S63-AFb-76.txt
0,S63-AFb-77.txt
0,S63-AFb-78.txt
0,S63-AFb-79.txt
0,S63-AFb-80.txt
0,S63-AFb-81.txt
0,S63-AFb-82.txt
0,S63-AFb-83.txt
0,S63-AFb-84.txt
0,S63-AFb-85.txt
0,S63-AFb-86.txt
0,S63-AFb-87.txt
0,S63-AFb-88.txt
0,S63-AFb-89.txt
0,S63-AFb-90.txt
0,S63-AFb-91.txt
0,S63-AFb-92.txt
0,S63-AFb-93.txt
0,S63-AFb-94.txt
0,S63-AFb-95.txt
0,S63-AFb-96.txt
0,S63-AFb-97.txt
0,S63-AFb-98.txt
0,S63-AFb-99.txt
0,S63-AFb-100.txt
0,S63-AFb-101.txt
0,S63-AFb-102.txt
0,S63-AFb-103.txt
0,S63-AFb-104.txt
1,S23-VT-131.txt
1,S23-VT-140.txt
1,S23-VT-150.txt
1,S23-VT-152.txt
1,S23-VT-161.txt
1,S23-VT-175.txt
1,S23-VT-183.txt
1,S23-VT-186.txt
1,S23-VT-188.txt
1,S23-VT-201.txt
1,S23-VT-202.txt
1,S23-VT-214.txt
1,S23-VT-215.txt
0,S23-SR-5.txt
0,S23-SR-8.txt
0,S23-SR-14.txt
0,S23-SR-16.txt
0,S23-SR-24.txt
0,S23-SR-39.txt
0,S23-SR-50.txt
0,S23-SR-54.txt
0,S23-SR-55.txt
0,S23-SR-67.txt
0,S23-SR-70.txt
0,S23-SR-71.txt
0,S23-SR-79.txt
0,S23-SR-84.txt
0,S23-SR-90.txt
0,S23-SR-92.txt
0,S23-SR-95.txt
0,S23-SR-110.txt
0,S23-SR-111.txt
1,S95-VT-77.txt
1,S95-VT-95.txt
1,S95-VT-101.txt
1,S95-VT-110.txt
1,S95-VT-112.txt
1,S95-VT-278.txt
1,S95-VT-281.txt
1,S95-VT-285.txt
1,S95-VT-335.txt
1,S95-VT-342.txt
0,S95-AFb-1.txt
0,S95-AFb-2.txt
0,S95-AFb-3.txt
0,S95-AFb-4.txt
0,S95-AFb-5.txt
0,S95-AFb-6.txt
0,S95-AFb-7.txt
0,S95-AFb-8.txt
0,S95-AFb-9.txt
0,S95-AFb-10.txt
0,S95-AFb-11.txt
0,S95-AFb-12.txt
0,S95-AFb-13.txt
0,S95-AFb-14.txt
0,S95-AFb-15.txt
0,S95-AFb-16.txt
0,S95-AFb-17.txt
0,S95-AFb-18.txt
0,S95-AFb-19.txt
0,S95-AFb-20.txt
0,S95-AFb-21.txt
0,S95-AFb-22.txt
0,S95-AFb-23.txt
0,S95-AFb-24.txt
0,S95-AFb-25.txt
0,S95-AFb-26.txt
0,S95-AFb-27.txt
0,S95-AFb-28.txt
0,S95-AFb-29.txt
0,S95-AFb-30.txt
0,S95-AFb-31.txt
0,S95-AFb-32.txt
0,S95-AFb-33.txt
0,S95-AFb-34.txt
0,S95-AFb-35.txt
0,S95-AFb-36.txt
0,S95-AFb-37.txt
0,S95-AFb-38.txt
0,S95-AFb-39.txt
0,S95-AFb-40.txt
0,S95-AFb-41.txt
0,S95-AFb-42.txt
0,S95-AFb-43.txt
0,S95-AFb-44.txt
0,S95-AFb-45.txt
0,S95-AFb-46.txt
0,S95-AFb-47.txt
0,S95-AFb-48.txt
0,S95-AFb-49.txt
0,S95-AFb-50.txt
0,S95-AFb-51.txt
0,S95-AFb-52.txt
0,S95-AFb-53.txt
0,S95-AFb-54.txt
0,S95-AFb-55.txt
0,S95-AFb-56.txt
0,S95-AFb-57.txt
0,S95-AFb-58.txt
0,S95-AFb-59.txt
0,S95-AFb-60.txt
0,S95-AFb-61.txt
0,S95-AFb-62.txt
0,S95-AFb-63.txt
0,S95-AFb-64.txt
0,S95-AFb-65.txt
0,S95-AFb-66.txt
0,S95-AFb-67.txt
0,S95-AFb-68.txt
0,S95-AFb-69.txt
0,S95-AFb-70.txt
0,S95-AFb-140.txt
0,S95-AFb-141.txt
0,S95-AFb-142.txt
0,S95-AFb-143.txt
0,S95-AFb-144.txt
0,S95-AFb-145.txt
0,S95-AFb-146.txt
0,S95-AFb-147.txt
0,S95-AFb-148.txt
0,S95-AFb-149.txt
0,S95-AFb-150.txt
0,S95-AFb-151.txt
0,S95-AFb-152.txt
0,S95-AFb-153.txt
0,S95-AFb-154.txt
0,S95-AFb-155.txt
0,S95-AFb-156.txt
0,S95-AFb-157.txt
0,S95-AFb-158.txt
0,S95-AFb-159.txt
0,S95-AFb-160.txt
0,S95-AFb-161.txt
0,S95-AFb-162.txt
0,S95-AFb-163.txt
0,S95-AFb-164.txt
0,S95-AFb-165.txt
0,S95-AFb-166.txt
0,S95-AFb-167.txt
0,S95-AFb-168.txt
0,S95-AFb-169.txt
0,S95-AFb-170.txt
0,S95-AFb-171.txt
0,S95-AFb-172.txt
0,S95-AFb-173.txt
0,S95-AFb-174.txt
0,S95-AFb-175.txt
0,S95-AFb-176.txt
0,S95-AFb-177.txt
0,S95-AFb-178.txt
0,S95-AFb-179.txt
0,S95-AFb-180.txt
0,S95-AFb-181.txt
0,S95-AFb-182.txt
0,S95-AFb-183.txt
0,S95-AFb-184.txt
0,S95-AFb-185.txt
0,S95-AFb-186.txt
0,S95-AFb-187.txt
0,S95-AFb-188.txt
0,S95-AFb-189.txt
0,S95-AFb-190.txt
0,S95-AFb-191.txt
0,S95-AFb-192.txt
0,S95-AFb-193.txt
0,S95-AFb-194.txt
0,S95-AFb-195.txt
0,S95-AFb-196.txt
0,S95-AFb-197.txt
0,S95-AFb-198.txt
0,S95-AFb-199.txt
0,S95-AFb-200.txt
0,S95-AFb-201.txt
0,S95-AFb-202.txt
0,S95-AFb-203.txt
0,S95-AFb-204.txt
0,S95-AFb-205.txt
0,S95-AFb-206.txt
0,S95-AFb-207.txt
0,S95-AFb-208.txt
0,S95-AFb-209.txt
0,S95-AFb-210.txt
0,S95-AFb-211.txt
0,S95-AFb-212.txt
0,S95-AFb-213.txt
0,S95-AFb-214.txt
0,S95-AFb-215.txt
0,S95-AFb-216.txt
0,S95-AFb-217.txt
0,S95-AFb-218.txt
0,S95-AFb-219.txt
0,S95-AFb-220.txt
0,S95-AFb-221.txt
0,S95-AFb-222.txt
0,S95-AFb-223.txt
0,S95-AFb-224.txt
0,S95-AFb-225.txt
0,S95-AFb-226.txt
0,S95-AFb-227.txt
0,S95-AFb-228.txt
0,S95-AFb-229.txt
0,S95-AFb-230.txt
0,S95-AFb-231.txt
0,S95-AFb-232.txt
0,S95-AFb-233.txt
0,S95-AFb-234.txt
0,S95-AFb-235.txt
0,S95-AFb-236.txt
0,S95-AFb-237.txt
0,S95-AFb-238.txt
0,S95-AFb-239.txt
0,S95-AFb-240.txt
0,S95-AFb-241.txt
0,S95-AFb-242.txt
0,S95-AFb-243.txt
0,S95-AFb-244.txt
0,S95-AFb-245.txt
0,S95-AFb-246.txt
0,S95-AFb-247.txt
0,S95-AFb-248.txt
0,S95-AFb-249.txt
0,S95-AFb-250.txt
0,S95-AFb-251.txt
0,S95-AFb-252.txt
0,S95-AFb-253.txt
0,S95-AFb-254.txt
0,S95-AFb-255.txt
0,S95-AFb-256.txt
0,S95-AFb-257.txt
0,S95-AFb-258.txt
0,S95-AFb-259.txt
0,S95-AFb-260.txt
0,S95-AFb-261.txt
0,S95-AFb-262.txt
0,S95-AFb-263.txt
0,S95-AFb-264.txt
1,S04-VFt-4.txt
1,S04-VFt-5.txt
1,S04-VFt-6.txt
1,S04-VFt-7.txt
1,S04-VFt-8.txt
1,S04-VFt-9.txt
1,S04-VFt-10.txt
1,S04-VFt-11.txt
1,S04-VFt-12.txt
1,S04-VFt-13.txt
1,S04-VFt-14.txt
1,S04-VFt-15.txt
1,S04-VFt-16.txt
1,S04-VFt-17.txt
1,S04-VFt-18.txt
1,S04-VFt-19.txt
1,S04-VFt-20.txt
1,S04-VFt-21.txt
1,S04-VFt-22.txt
1,S04-VFt-23.txt
1,S04-VFt-24.txt
1,S04-VFt-25.txt
1,S04-VFt-26.txt
1,S04-VFt-27.txt
1,S04-VFt-28.txt
1,S04-VFt-29.txt
1,S04-VFt-30.txt
1,S04-VFt-31.txt
1,S04-VFt-32.txt
1,S04-VFt-33.txt
1,S04-VFt-34.txt
1,S04-VFt-35.txt
1,S04-VFt-36.txt
1,S04-VFt-37.txt
1,S04-VFt-38.txt
1,S04-VFt-39.txt
1,S04-VFt-40.txt
1,S04-VFt-41.txt
1,S04-VFt-42.txt
1,S04-VFt-43.txt
1,S04-VFt-44.txt
1,S04-VFt-45.txt
1,S04-VFt-46.txt
1,S04-VFt-47.txt
1,S04-VFt-48.txt
1,S04-VFt-49.txt
1,S04-VFt-50.txt
1,S04-VFt-51.txt
1,S04-VFt-52.txt
1,S04-VFt-53.txt
1,S04-VFt-54.txt
1,S04-VFt-55.txt
1,S04-VFt-56.txt
1,S04-VFt-57.txt
1,S04-VFt-58.txt
1,S04-VFt-59.txt
1,S04-VFt-60.txt
1,S04-VFt-61.txt
1,S04-VFt-62.txt
1,S04-VFt-63.txt
1,S04-VFt-64.txt
1,S04-VFt-65.txt
1,S04-VFt-66.txt
1,S04-VFt-67.txt
1,S04-VFt-68.txt
1,S04-VFt-69.txt
1,S04-VFt-70.txt
1,S04-VFt-71.txt
1,S04-VFt-72.txt
1,S04-VFt-73.txt
1,S04-VFt-74.txt
1,S04-VFt-75.txt
1,S04-VFt-76.txt
1,S04-VFt-77.txt
1,S04-VFt-78.txt
1,S04-VFt-79.txt
1,S04-VFt-80.txt
1,S04-VFt-81.txt
1,S04-VFt-82.txt
1,S04-VFt-83.txt
1,S04-VFt-84.txt
1,S04-VFt-85.txt
1,S04-VFt-86.txt
1,S04-VFt-87.txt
1,S04-VFt-88.txt
1,S04-VFt-89.txt
1,S04-VFt-90.txt
1,S04-VFt-91.txt
1,S04-VFt-92.txt
1,S04-VFt-93.txt
1,S04-VFt-94.txt
1,S04-VFt-95.txt
1,S04-VFt-96.txt
1,S04-VFt-97.txt
1,S04-VFt-98.txt
1,S04-VFt-99.txt
1,S04-VFt-100.txt
1,S04-VFt-101.txt
1,S04-VFt-102.txt
1,S04-VFt-103.txt
1,S04-VFt-104.txt
1,S04-VFt-105.txt
1,S04-VFt-106.txt
1,S04-VFt-107.txt
1,S04-VFt-108.txt
1,S04-VFt-109.txt
1,S04-VFt-110.txt
1,S04-VFt-111.txt
1,S04-VFt-112.txt
1,S04-VFt-113.txt
1,S04-VFt-114.txt
1,S04-VFt-115.txt
1,S04-VFt-116.txt
1,S04-VFt-117.txt
1,S04-VFt-118.txt
1,S04-VFt-119.txt
1,S04-VFt-120.txt
1,S04-VFt-121.txt
1,S04-VFt-122.txt
1,S04-VFt-123.txt
1,S04-VFt-124.txt
1,S04-VFt-125.txt
1,S04-VFt-126.txt
1,S04-VFt-127.txt
1,S04-VFt-128.txt
1,S04-VFt-129.txt
1,S04-VFt-130.txt
1,S04-VFt-131.txt
1,S04-VFt-132.txt
1,S04-VFt-133.txt
1,S04-VFt-134.txt
1,S04-VFt-135.txt
1,S04-VFt-136.txt
1,S04-VFt-137.txt
1,S04-VFt-138.txt
1,S04-VFt-139.txt
1,S04-VFt-140.txt
1,S04-VFt-141.txt
1,S04-VFt-142.txt
1,S04-VFt-143.txt
1,S04-VFt-144.txt
1,S04-VFt-145.txt
1,S04-VFt-146.txt
1,S04-VFt-147.txt
1,S04-VFt-148.txt
1,S04-VFt-149.txt
1,S04-VFt-150.txt
1,S04-VFt-151.txt
1,S04-VFt-152.txt
1,S04-VFt-153.txt
1,S04-VFt-154.txt
1,S04-VFt-155.txt
1,S04-VFt-156.txt
1,S04-VFt-157.txt
1,S04-VFt-158.txt
1,S04-VFt-159.txt
1,S04-VFt-160.txt
1,S04-VFt-161.txt
1,S04-VFt-162.txt
1,S04-VFt-163.txt
1,S04-VFt-164.txt
1,S04-VFt-165.txt
1,S04-VFt-166.txt
1,S04-VFt-167.txt
1,S04-VFt-168.txt
1,S04-VFt-169.txt
1,S04-VFt-170.txt
1,S04-VFt-171.txt
1,S04-VFt-172.txt
1,S04-VFt-173.txt
1,S04-VFt-174.txt
0,S04-SR-3.txt
0,S04-SR-178.txt
0,S04-SR-184.txt
0,S04-SR-187.txt
0,S04-SR-199.txt
0,S04-SR-249.txt
1,S35-VFb-237.txt
1,S35-VFb-238.txt
1,S35-VFb-239.txt
1,S35-VFb-240.txt
1,S35-VFb-241.txt
1,S35-VFb-242.txt
1,S35-VFb-243.txt
1,S35-VFb-244.txt
1,S35-VFb-245.txt
1,S35-VFb-246.txt
1,S35-VFb-247.txt
1,S35-VFb-248.txt
1,S35-VFb-249.txt
1,S35-VFb-250.txt
1,S35-VFb-251.txt
1,S35-VFb-252.txt
1,S35-VFb-253.txt
1,S35-VFb-254.txt
1,S35-VFb-255.txt
1,S35-VFb-256.txt
1,S35-VFb-257.txt
1,S35-VFb-258.txt
1,S35-VFb-259.txt
1,S35-VFb-260.txt
1,S35-VFb-261.txt
1,S35-VFb-262.txt
1,S35-VFb-263.txt
1,S35-VFb-264.txt
1,S35-VFb-265.txt
1,S35-VFb-266.txt
1,S35-VFb-267.txt
1,S35-VFb-268.txt
1,S35-VFb-269.txt
1,S35-VFb-270.txt
1,S35-VFb-271.txt
1,S35-VFb-272.txt
1,S35-VFb-273.txt
1,S35-VFb-274.txt
1,S35-VFb-275.txt
1,S35-VFb-276.txt
1,S35-VFb-277.txt
1,S35-VFb-278.txt
1,S35-VFb-279.txt
1,S35-VFb-280.txt
1,S35-VFb-281.txt
1,S35-VFb-282.txt
1,S35-VFb-283.txt
1,S35-VFb-284.txt
1,S35-VFb-285.txt
1,S35-VFb-286.txt
1,S35-VFb-287.txt
1,S35-VFb-288.txt
1,S35-VFb-289.txt
1,S35-VFb-290.txt
1,S35-VFb-291.txt
1,S35-VFb-292.txt
1,S35-VFb-293.txt
1,S35-VFb-294.txt
1,S35-VFb-295.txt
1,S35-VFb-296.txt
1,S35-VFb-297.txt
1,S35-VFb-298.txt
1,S35-VFb-299.txt
1,S35-VFb-300.txt
1,S35-VFb-301.txt
1,S35-VFb-302.txt
1,S35-VFb-303.txt
1,S35-VFb-304.txt
1,S35-VFb-305.txt
1,S35-VFb-306.txt
1,S35-VFb-307.txt
1,S35-VFb-308.txt
1,S35-VFb-309.txt
1,S35-VFb-310.txt
1,S35-VFb-311.txt
1,S35-VFb-312.txt
1,S35-VFb-313.txt
1,S35-VFb-314.txt
1,S35-VFb-315.txt
1,S35-VFb-316.txt
1,S35-VFb-317.txt
1,S35-VFb-318.txt
1,S35-VFb-319.txt
1,S35-VFb-320.txt
1,S35-VFb-321.txt
1,S35-VFb-322.txt
1,S35-VFb-323.txt
1,S35-VFb-324.txt
1,S35-VFb-325.txt
1,S35-VFb-326.txt
1,S35-VFb-327.txt
1,S35-VFb-328.txt
1,S35-VFb-329.txt
1,S35-VFb-330.txt
1,S35-VFb-331.txt
1,S35-VFb-332.txt
1,S35-VFb-333.txt
1,S35-VFb-334.txt
1,S35-VT-365.txt
1,S35-VT-366.txt
1,S35-VT-380.txt
1,S35-VT-382.txt
1,S35-VT-385.txt
1,S35-VT-395.txt
1,S35-VT-397.txt
1,S35-VT-408.txt
1,S35-VT-412.txt
1,S35-VT-413.txt
1,S35-VT-441.txt
1,S35-VT-444.txt
1,S35-VT-458.txt
1,S35-VT-459.txt
1,S35-VT-461.txt
1,S35-VT-471.txt
1,S35-VT-479.txt
1,S35-VT-798.txt
1,S35-VT-810.txt
1,S35-VT-820.txt
1,S35-VT-835.txt
1,S35-VT-843.txt
1,S35-VT-854.txt
1,S35-VT-877.txt
1,S35-VT-881.txt
1,S35-VT-882.txt
1,S35-VT-891.txt
0,S35-SR-4.txt
0,S35-SR-9.txt
0,S35-SR-10.txt
0,S35-SR-38.txt
0,S35-SR-47.txt
0,S35-SR-60.txt
0,S35-SR-65.txt
0,S35-SR-79.txt
0,S35-SR-82.txt
0,S35-SR-111.txt
0,S35-SR-162.txt
0,S35-SR-174.txt
0,S35-SR-185.txt
0,S35-SR-203.txt
0,S35-SR-214.txt
0,S35-SR-216.txt
0,S35-SR-227.txt
0,S35-SR-486.txt
0,S35-SR-488.txt
0,S35-SR-503.txt
0,S35-SR-521.txt
0,S35-SR-525.txt
0,S35-SR-531.txt
0,S35-SR-533.txt
0,S35-SR-561.txt
0,S35-SR-565.txt
0,S35-SR-575.txt
0,S35-SR-591.txt
0,S35-SR-600.txt
0,S35-SR-601.txt
0,S35-SR-623.txt
0,S35-SR-626.txt
0,S35-SR-628.txt
0,S35-SR-629.txt
0,S35-SR-656.txt
0,S35-SR-665.txt
0,S35-SR-670.txt
0,S35-SR-673.txt
0,S35-SR-692.txt
0,S35-SR-697.txt
0,S35-SR-700.txt
0,S35-SR-709.txt
0,S35-SR-721.txt
0,S35-SR-727.txt
0,S35-SR-731.txt
0,S35-SR-745.txt
0,S35-SR-752.txt
0,S35-SR-762.txt
0,S35-SR-779.txt
0,S35-SR-794.txt
1,S93-VT-148.txt
1,S93-VT-153.txt
1,S93-VT-158.txt
1,S93-VT-169.txt
1,S93-VT-171.txt
1,S93-VT-184.txt
1,S93-VT-217.txt
1,S93-VT-219.txt
1,S93-VT-237.txt
1,S93-VT-250.txt
1,S93-VT-252.txt
1,S93-VT-257.txt
1,S93-VT-269.txt
1,S93-VT-275.txt
1,S93-VT-305.txt
1,S93-VT-308.txt
1,S93-VT-311.txt
0,S93-SR-4.txt
0,S93-SR-12.txt
0,S93-SR-24.txt
0,S93-SR-35.txt
0,S93-SR-47.txt
0,S93-SR-50.txt
0,S93-SR-60.txt
0,S93-SR-69.txt
0,S93-SR-70.txt
0,S93-SR-71.txt
0,S93-SR-109.txt
0,S93-SR-111.txt
0,S93-SR-123.txt
0,S93-SR-131.txt
0,S93-SR-140.txt
1,S94-VFb-499.txt
1,S94-VFb-500.txt
1,S94-VFb-501.txt
1,S94-VFb-502.txt
1,S94-VFb-503.txt
1,S94-VFb-504.txt
1,S94-VFb-505.txt
1,S94-VFb-506.txt
1,S94-VFb-507.txt
1,S94-VFb-508.txt
1,S94-VFb-509.txt
1,S94-VFb-510.txt
1,S94-VFb-511.txt
1,S94-VFb-512.txt
1,S94-VFb-513.txt
1,S94-VFb-514.txt
1,S94-VFb-515.txt
1,S94-VFb-516.txt
1,S94-VFb-517.txt
1,S94-VFb-518.txt
1,S94-VFb-519.txt
1,S94-VFb-520.txt
1,S94-VFb-521.txt
1,S94-VFb-522.txt
1,S94-VFb-523.txt
1,S94-VFb-524.txt
1,S94-VFb-525.txt
1,S94-VFb-526.txt
1,S94-VFb-527.txt
1,S94-VFb-528.txt
1,S94-VFb-529.txt
1,S94-VT-358.txt
1,S94-VT-372.txt
1,S94-VT-373.txt
1,S94-VT-394.txt
0,S94-SR-6.txt
0,S94-SR-12.txt
0,S94-SR-24.txt
0,S94-SR-26.txt
0,S94-SR-29.txt
0,S94-SR-39.txt
0,S94-SR-45.txt
0,S94-SR-52.txt
0,S94-SR-71.txt
0,S94-SR-83.txt
0,S94-SR-87.txt
0,S94-SR-90.txt
0,S94-SR-92.txt
0,S94-SR-100.txt
0,S94-SR-102.txt
0,S94-SR-107.txt
0,S94-SR-147.txt
0,S94-SR-171.txt
0,S94-SR-173.txt
0,S94-SR-191.txt
0,S94-SR-229.txt
0,S94-SR-234.txt
0,S94-SR-253.txt
0,S94-SR-257.txt
0,S94-SR-261.txt
0,S94-SR-288.txt
0,S94-SR-296.txt
0,S94-SR-306.txt
0,S94-SR-309.txt
0,S94-SR-313.txt
0,S94-SR-320.txt
0,S94-SR-328.txt
0,S94-SR-337.txt
0,S94-SR-412.txt
0,S94-SR-416.txt
0,S94-SR-424.txt
0,S94-SR-426.txt
0,S94-SR-427.txt
0,S94-SR-429.txt
0,S94-SR-430.txt
0,S94-SR-435.txt
0,S94-SR-436.txt
0,S94-SR-439.txt
0,S94-SR-454.txt
0,S94-SR-480.txt
0,S94-SR-484.txt
0,S94-SR-489.txt
0,S94-SR-496.txt
1,S79-VT-131.txt
1,S79-VT-132.txt
1,S79-VT-140.txt
1,S79-VT-144.txt
1,S79-VT-145.txt
1,S79-VT-161.txt
1,S79-VT-170.txt
1,S79-VT-181.txt
1,S79-VT-188.txt
1,S79-VT-206.txt
1,S79-VT-210.txt
1,S79-VT-218.txt
1,S79-VT-220.txt
1,S79-VT-225.txt
1,S79-VT-243.txt
1,S79-VT-261.txt
1,S79-VT-266.txt
1,S79-VT-267.txt
1,S79-VT-306.txt
1,S79-VT-311.txt
1,S79-VT-335.txt
1,S79-VT-343.txt
1,S79-VT-355.txt
1,S79-VT-356.txt
1,S79-VT-364.txt
1,S79-VT-365.txt
1,S79-VT-368.txt
1,S79-VT-369.txt
1,S79-VT-370.txt
1,S79-VT-375.txt
1,S79-VT-377.txt
1,S79-VT-379.txt
1,S79-VT-389.txt
1,S79-VT-390.txt
1,S79-VT-416.txt
1,S79-VT-422.txt
1,S79-VT-429.txt
1,S79-VT-437.txt
1,S79-VT-438.txt
1,S79-VT-450.txt
1,S79-VT-476.txt
1,S79-VT-484.txt
1,S79-VT-488.txt
1,S79-VT-489.txt
1,S79-VT-493.txt
1,S79-VT-496.txt
1,S79-VT-498.txt
1,S79-VT-505.txt
1,S79-VT-666.txt
1,S79-VT-675.txt
1,S79-VT-677.txt
1,S79-VT-678.txt
1,S79-VT-690.txt
1,S79-VT-718.txt
1,S79-VT-727.txt
1,S79-VT-732.txt
1,S79-VT-742.txt
1,S79-VT-751.txt
1,S79-VT-752.txt
1,S79-VT-754.txt
1,S79-VT-758.txt
1,S79-VT-761.txt
0,S79-SR-529.txt
0,S79-SR-562.txt
0,S79-SR-565.txt
0,S79-SR-595.txt
0,S79-SR-615.txt
0,S79-SR-625.txt
0,S79-SR-626.txt
0,S79-SR-637.txt
0,S79-SR-639.txt
0,S79-SR-641.txt
0,S79-SR-644.txt
0,S79-SR-650.txt
0,S79-SR-656.txt
0,S79-VPD-1.txt
0,S79-VPD-2.txt
0,S79-VPD-3.txt
0,S79-VPD-4.txt
0,S79-VPD-5.txt
0,S79-VPD-6.txt
0,S79-VPD-7.txt
0,S79-VPD-8.txt
0,S79-VPD-9.txt
0,S79-VPD-10.txt
0,S79-VPD-11.txt
0,S79-VPD-12.txt
0,S79-VPD-13.txt
0,S79-VPD-14.txt
0,S79-VPD-15.txt
0,S79-VPD-16.txt
0,S79-VPD-17.txt
0,S79-VPD-18.txt
0,S79-VPD-19.txt
0,S79-VPD-20.txt
0,S79-VPD-21.txt
0,S79-VPD-22.txt
0,S79-VPD-23.txt
0,S79-VPD-24.txt
0,S79-VPD-25.txt
0,S79-VPD-26.txt
0,S79-VPD-27.txt
0,S79-VPD-28.txt
0,S79-VPD-29.txt
0,S79-VPD-30.txt
0,S79-VPD-31.txt
0,S79-VPD-32.txt
0,S79-VPD-33.txt
0,S79-VPD-34.txt
0,S79-VPD-35.txt
0,S79-VPD-36.txt
0,S79-VPD-37.txt
0,S79-VPD-38.txt
0,S79-VPD-39.txt
0,S79-VPD-40.txt
0,S79-VPD-41.txt
0,S79-VPD-42.txt
0,S79-VPD-43.txt
0,S79-VPD-44.txt
0,S79-VPD-45.txt
0,S79-VPD-46.txt
0,S79-VPD-47.txt
0,S79-VPD-48.txt
0,S79-VPD-49.txt
0,S79-VPD-50.txt
0,S79-VPD-51.txt
0,S79-VPD-52.txt
0,S79-VPD-53.txt
0,S79-VPD-54.txt
0,S79-VPD-55.txt
0,S79-VPD-56.txt
0,S79-VPD-57.txt
0,S79-VPD-58.txt
0,S79-VPD-59.txt
0,S79-VPD-60.txt
0,S79-VPD-61.txt
0,S79-VPD-62.txt
0,S79-VPD-63.txt
0,S79-VPD-64.txt
0,S79-VPD-65.txt
0,S79-VPD-66.txt
0,S79-VPD-67.txt
0,S79-VPD-68.txt
0,S79-VPD-69.txt
0,S79-VPD-70.txt
0,S79-VPD-71.txt
0,S79-VPD-72.txt
0,S79-VPD-73.txt
0,S79-VPD-74.txt
0,S79-VPD-75.txt
0,S79-VPD-76.txt
0,S79-VPD-77.txt
0,S79-VPD-78.txt
0,S79-VPD-79.txt
0,S79-VPD-80.txt
0,S79-VPD-81.txt
0,S79-VPD-82.txt
0,S79-VPD-83.txt
0,S79-VPD-84.txt
0,S79-VPD-85.txt
0,S79-VPD-86.txt
0,S79-VPD-87.txt
0,S79-VPD-88.txt
0,S79-VPD-89.txt
0,S79-VPD-90.txt
0,S79-VPD-91.txt
0,S79-VPD-92.txt
0,S79-VPD-93.txt
0,S79-VPD-94.txt
0,S79-VPD-95.txt
0,S79-VPD-96.txt
0,S79-VPD-97.txt
0,S79-VPD-98.txt
0,S79-VPD-99.txt
0,S79-VPD-100.txt
0,S79-VPD-101.txt
0,S79-VPD-102.txt
0,S79-VPD-103.txt
0,S79-VPD-104.txt
0,S79-VPD-105.txt
0,S79-VPD-106.txt
0,S79-VPD-107.txt
0,S79-VPD-108.txt
0,S79-VPD-109.txt
0,S79-VPD-110.txt
0,S79-VPD-111.txt
0,S79-VPD-112.txt
0,S79-VPD-113.txt
0,S79-VPD-114.txt
0,S79-VPD-115.txt
0,S79-VPD-116.txt
0,S79-VPD-117.txt
0,S79-VPD-118.txt
0,S79-VPD-119.txt
0,S79-VPD-120.txt
0,S79-VPD-121.txt
0,S79-VPD-122.txt
0,S79-VPD-123.txt
0,S79-VPD-124.txt
0,S79-VPD-125.txt
0,S79-VPD-126.txt
0,S79-VPD-127.txt
0,S79-VPD-128.txt
0,S79-VPD-129.txt
1,S20-VT-156.txt
1,S20-VT-159.txt
1,S20-VT-162.txt
1,S20-VT-184.txt
1,S20-VT-191.txt
1,S20-VT-238.txt
1,S20-VT-240.txt
1,S20-VT-252.txt
1,S20-VT-259.txt
1,S20-VT-260.txt
1,S20-VT-280.txt
1,S20-VT-312.txt
1,S20-VT-317.txt
1,S20-VT-364.txt
1,S20-VT-370.txt
1,S20-VT-381.txt
1,S20-VT-395.txt
1,S20-VT-398.txt
1,S20-VT-432.txt
1,S20-VT-439.txt
1,S20-VT-446.txt
1,S20-VT-452.txt
1,S20-VT-456.txt
1,S20-VT-459.txt
1,S20-VT-460.txt
1,S20-VT-462.txt
1,S20-VT-463.txt
1,S20-VT-470.txt
1,S20-VT-472.txt
1,S20-VT-552.txt
1,S20-VT-555.txt
1,S20-VT-564.txt
1,S20-VT-575.txt
1,S20-VT-596.txt
1,S20-VT-601.txt
1,S20-VT-607.txt
1,S20-VT-610.txt
1,S20-VT-614.txt
1,S20-VT-626.txt
1,S20-VT-627.txt
1,S20-VT-1043.txt
1,S20-VT-1061.txt
1,S20-VT-1070.txt
1,S20-VT-1077.txt
1,S20-VT-1085.txt
1,S20-VT-1095.txt
1,S20-VT-1103.txt
1,S20-VT-1109.txt
1,S20-VT-1110.txt
1,S20-VT-1125.txt
1,S20-VT-1128.txt
1,S20-VT-1133.txt
1,S20-VT-1138.txt
0,S20-SR-9.txt
0,S20-SR-14.txt
0,S20-SR-16.txt
0,S20-SR-19.txt
0,S20-SR-25.txt
0,S20-SR-33.txt
0,S20-SR-47.txt
0,S20-SR-53.txt
0,S20-SR-54.txt
0,S20-SR-68.txt
0,S20-SR-94.txt
0,S20-SR-103.txt
0,S20-SR-104.txt
0,S20-SR-108.txt
0,S20-SR-122.txt
0,S20-SR-144.txt
0,S20-SR-200.txt
0,S20-SR-203.txt
0,S20-SR-209.txt
0,S20-SR-215.txt
0,S20-SR-219.txt
0,S20-SR-480.txt
0,S20-SR-488.txt
0,S20-SR-491.txt
0,S20-SR-492.txt
0,S20-SR-511.txt
0,S20-SR-518.txt
0,S20-SR-522.txt
0,S20-SR-548.txt
0,S20-SR-667.txt
0,S20-SR-682.txt
0,S20-SR-683.txt
0,S20-SR-691.txt
0,S20-SR-736.txt
0,S20-SR-738.txt
0,S20-SR-767.txt
0,S20-SR-769.txt
0,S20-SR-776.txt
0,S20-SR-793.txt
0,S20-SR-803.txt
0,S20-SR-810.txt
0,S20-SR-814.txt
0,S20-SR-824.txt
0,S20-SR-825.txt
0,S20-SR-850.txt
0,S20-SR-861.txt
0,S20-SR-864.txt
0,S20-SR-871.txt
0,S20-SR-874.txt
0,S20-SR-877.txt
0,S20-SR-890.txt
0,S20-SR-910.txt
0,S20-SR-915.txt
0,S20-SR-921.txt
0,S20-SR-940.txt
0,S20-SR-944.txt
0,S20-SR-955.txt
0,S20-SR-960.txt
0,S20-SR-965.txt
0,S20-SR-976.txt
0,S20-SR-978.txt
0,S20-SR-991.txt
0,S20-SR-994.txt
0,S20-SR-998.txt
0,S20-SR-1002.txt
0,S20-SR-1010.txt
0,S20-SR-1022.txt
0,S20-SR-1028.txt
0,S20-SR-1031.txt
0,S20-SR-1032.txt
1,S56-VT-445.txt
1,S56-VT-455.txt
1,S56-VT-479.txt
1,S56-VT-482.txt
1,S56-VT-483.txt
1,S56-VT-486.txt
1,S56-VT-493.txt
1,S56-VT-495.txt
1,S56-VT-510.txt
1,S56-VT-525.txt
1,S56-VT-526.txt
1,S56-VT-531.txt
1,S56-VT-534.txt
1,S56-VT-540.txt
1,S56-VT-552.txt
1,S56-VT-574.txt
1,S56-VT-584.txt
1,S56-VT-585.txt
1,S56-VT-595.txt
1,S56-VT-619.txt
1,S56-VT-620.txt
1,S56-VT-624.txt
1,S56-VT-647.txt
1,S56-VT-658.txt
1,S56-VT-661.txt
1,S56-VT-693.txt
1,S56-VT-705.txt
0,S56-SR-1.txt
0,S56-SR-6.txt
0,S56-SR-13.txt
0,S56-SR-16.txt
0,S56-SR-24.txt
0,S56-SR-29.txt
0,S56-SR-52.txt
0,S56-SR-57.txt
0,S56-SR-61.txt
0,S56-SR-204.txt
0,S56-SR-206.txt
0,S56-SR-210.txt
0,S56-SR-231.txt
0,S56-SR-234.txt
0,S56-SR-244.txt
0,S56-SR-251.txt
0,S56-SR-256.txt
0,S56-SR-257.txt
0,S56-SR-259.txt
0,S56-SVT-63.txt
0,S56-SVT-64.txt
0,S56-SVT-65.txt
0,S56-SVT-66.txt
0,S56-SVT-67.txt
0,S56-SVT-68.txt
0,S56-SVT-69.txt
0,S56-SVT-70.txt
0,S56-SVT-71.txt
0,S56-SVT-72.txt
0,S56-SVT-73.txt
0,S56-SVT-74.txt
0,S56-SVT-75.txt
0,S56-SVT-76.txt
0,S56-SVT-77.txt
0,S56-SVT-78.txt
0,S56-SVT-79.txt
0,S56-SVT-80.txt
0,S56-SVT-81.txt
0,S56-SVT-82.txt
0,S56-SVT-83.txt
0,S56-SVT-84.txt
0,S56-SVT-85.txt
0,S56-SVT-86.txt
0,S56-SVT-87.txt
0,S56-SVT-88.txt
0,S56-SVT-89.txt
0,S56-SVT-90.txt
0,S56-SVT-91.txt
0,S56-SVT-92.txt
0,S56-SVT-93.txt
0,S56-SVT-94.txt
0,S56-SVT-95.txt
0,S56-SVT-96.txt
0,S56-SVT-97.txt
0,S56-SVT-98.txt
0,S56-SVT-99.txt
0,S56-SVT-100.txt
0,S56-SVT-101.txt
0,S56-SVT-102.txt
0,S56-SVT-103.txt
0,S56-SVT-104.txt
0,S56-SVT-105.txt
0,S56-SVT-106.txt
0,S56-SVT-107.txt
0,S56-SVT-108.txt
0,S56-SVT-109.txt
0,S56-SVT-110.txt
0,S56-SVT-111.txt
0,S56-SVT-112.txt
0,S56-SVT-113.txt
0,S56-SVT-114.txt
0,S56-SVT-115.txt
0,S56-SVT-116.txt
0,S56-SVT-117.txt
0,S56-SVT-118.txt
0,S56-SVT-119.txt
0,S56-SVT-120.txt
0,S56-SVT-121.txt
0,S56-SVT-122.txt
0,S56-SVT-123.txt
0,S56-SVT-124.txt
0,S56-SVT-125.txt
0,S56-SVT-126.txt
0,S56-SVT-127.txt
0,S56-SVT-128.txt
0,S56-SVT-129.txt
0,S56-SVT-130.txt
0,S56-SVT-131.txt
0,S56-SVT-132.txt
0,S56-SVT-133.txt
0,S56-SVT-134.txt
0,S56-SVT-135.txt
0,S56-SVT-136.txt
0,S56-SVT-137.txt
0,S56-SVT-138.txt
0,S56-SVT-139.txt
0,S56-SVT-140.txt
0,S56-SVT-141.txt
0,S56-SVT-142.txt
0,S56-SVT-143.txt
0,S56-SVT-144.txt
0,S56-SVT-145.txt
0,S56-SVT-146.txt
0,S56-SVT-147.txt
0,S56-SVT-148.txt
0,S56-SVT-149.txt
0,S56-SVT-150.txt
0,S56-SVT-151.txt
0,S56-SVT-152.txt
0,S56-SVT-153.txt
0,S56-SVT-154.txt
0,S56-SVT-155.txt
0,S56-SVT-156.txt
0,S56-SVT-157.txt
0,S56-SVT-158.txt
0,S56-SVT-159.txt
0,S56-SVT-160.txt
0,S56-SVT-161.txt
0,S56-SVT-162.txt
0,S56-SVT-163.txt
0,S56-SVT-164.txt
0,S56-SVT-165.txt
0,S56-SVT-166.txt
0,S56-SVT-167.txt
0,S56-SVT-168.txt
0,S56-SVT-169.txt
0,S56-SVT-170.txt
0,S56-SVT-171.txt
0,S56-SVT-172.txt
0,S56-SVT-173.txt
0,S56-SVT-174.txt
0,S56-SVT-175.txt
0,S56-SVT-176.txt
0,S56-SVT-177.txt
0,S56-SVT-178.txt
0,S56-SVT-179.txt
0,S56-SVT-180.txt
0,S56-SVT-181.txt
0,S56-SVT-182.txt
0,S56-SVT-183.txt
0,S56-SVT-184.txt
0,S56-SVT-185.txt
0,S56-SVT-186.txt
0,S56-SVT-187.txt
0,S56-SVT-188.txt
0,S56-SVT-189.txt
0,S56-SVT-190.txt
0,S56-SVT-191.txt
0,S56-SVT-192.txt
0,S56-SVT-193.txt
0,S56-SVT-194.txt
0,S56-SVT-195.txt
0,S56-SVT-196.txt
0,S56-SVT-197.txt
0,S56-SVT-198.txt
0,S56-SVT-199.txt
0,S56-SVT-275.txt
0,S56-SVT-276.txt
0,S56-SVT-277.txt
0,S56-SVT-278.txt
0,S56-SVT-279.txt
0,S56-SVT-280.txt
0,S56-SVT-281.txt
0,S56-SVT-282.txt
0,S56-SVT-283.txt
0,S56-SVT-284.txt
0,S56-SVT-285.txt
0,S56-SVT-286.txt
0,S56-SVT-287.txt
0,S56-SVT-288.txt
0,S56-SVT-289.txt
0,S56-SVT-290.txt
0,S56-SVT-291.txt
0,S56-SVT-292.txt
0,S56-SVT-293.txt
0,S56-SVT-294.txt
0,S56-SVT-295.txt
0,S56-SVT-296.txt
0,S56-SVT-297.txt
0,S56-SVT-298.txt
0,S56-SVT-299.txt
0,S56-SVT-300.txt
0,S56-SVT-301.txt
0,S56-SVT-302.txt
0,S56-SVT-303.txt
0,S56-SVT-304.txt
0,S56-SVT-305.txt
0,S56-SVT-306.txt
0,S56-SVT-307.txt
0,S56-SVT-308.txt
0,S56-SVT-309.txt
0,S56-SVT-310.txt
0,S56-SVT-311.txt
0,S56-SVT-312.txt
0,S56-SVT-313.txt
0,S56-SVT-314.txt
0,S56-SVT-315.txt
0,S56-SVT-316.txt
0,S56-SVT-317.txt
0,S56-SVT-318.txt
0,S56-SVT-319.txt
0,S56-SVT-320.txt
0,S56-SVT-321.txt
0,S56-SVT-322.txt
0,S56-SVT-323.txt
0,S56-SVT-324.txt
0,S56-SVT-325.txt
0,S56-SVT-326.txt
0,S56-SVT-327.txt
0,S56-SVT-328.txt
0,S56-SVT-329.txt
0,S56-SVT-330.txt
0,S56-SVT-331.txt
0,S56-SVT-332.txt
0,S56-SVT-333.txt
0,S56-SVT-334.txt
0,S56-SVT-335.txt
0,S56-SVT-336.txt
0,S56-SVT-337.txt
0,S56-SVT-338.txt
0,S56-SVT-339.txt
0,S56-SVT-340.txt
0,S56-SVT-341.txt
0,S56-SVT-342.txt
0,S56-SVT-343.txt
0,S56-SVT-344.txt
0,S56-SVT-345.txt
0,S56-SVT-346.txt
0,S56-SVT-347.txt
0,S56-SVT-348.txt
0,S56-SVT-349.txt
0,S56-SVT-350.txt
0,S56-SVT-351.txt
0,S56-SVT-352.txt
0,S56-SVT-353.txt
0,S56-SVT-354.txt
0,S56-SVT-355.txt
0,S56-SVT-356.txt
0,S56-SVT-357.txt
0,S56-SVT-358.txt
0,S56-SVT-359.txt
0,S56-SVT-360.txt
0,S56-SVT-361.txt
0,S56-SVT-362.txt
0,S56-SVT-363.txt
0,S56-SVT-364.txt
0,S56-SVT-365.txt
0,S56-SVT-366.txt
0,S56-SVT-367.txt
0,S56-SVT-368.txt
0,S56-SVT-369.txt
0,S56-SVT-370.txt
0,S56-SVT-371.txt
0,S56-SVT-372.txt
0,S56-SVT-373.txt
0,S56-SVT-374.txt
0,S56-SVT-375.txt
0,S56-SVT-376.txt
0,S56-SVT-377.txt
0,S56-SVT-378.txt
0,S56-SVT-379.txt
0,S56-SVT-380.txt
0,S56-SVT-381.txt
0,S56-SVT-382.txt
0,S56-SVT-383.txt
0,S56-SVT-384.txt
0,S56-SVT-385.txt
0,S56-SVT-386.txt
0,S56-SVT-387.txt
0,S56-SVT-388.txt
0,S56-SVT-389.txt
0,S56-SVT-390.txt
0,S56-SVT-391.txt
0,S56-SVT-392.txt
0,S56-SVT-393.txt
0,S56-SVT-394.txt
0,S56-SVT-395.txt
0,S56-SVT-396.txt
0,S56-SVT-397.txt
0,S56-SVT-398.txt
0,S56-SVT-399.txt
0,S56-SVT-400.txt
0,S56-SVT-401.txt
0,S56-SVT-402.txt
0,S56-SVT-403.txt
0,S56-SVT-404.txt
0,S56-SVT-405.txt
0,S56-SVT-406.txt
0,S56-SVT-407.txt
0,S56-SVT-408.txt
0,S56-SVT-409.txt
0,S56-SVT-410.txt
0,S56-SVT-411.txt
0,S56-SVT-412.txt
0,S56-SVT-413.txt
0,S56-SVT-414.txt
0,S56-SVT-415.txt
0,S56-SVT-416.txt
0,S56-SVT-417.txt
0,S56-SVT-418.txt
0,S56-SVT-419.txt
0,S56-SVT-420.txt
0,S56-SVT-421.txt
0,S56-SVT-422.txt
0,S56-SVT-423.txt
0,S56-SVT-424.txt
0,S56-SVT-425.txt
0,S56-SVT-426.txt
0,S56-SVT-427.txt
0,S56-SVT-428.txt
0,S56-SVT-429.txt
0,S56-SVT-430.txt
0,S56-SVT-431.txt
0,S56-SVT-432.txt
1,S77-VT-147.txt
1,S77-VT-162.txt
1,S77-VT-165.txt
1,S77-VT-185.txt
1,S77-VT-190.txt
1,S77-VT-192.txt
1,S77-VT-205.txt
1,S77-VT-211.txt
1,S77-VT-213.txt
1,S77-VT-247.txt
1,S77-VT-249.txt
1,S77-VT-252.txt
1,S77-VT-404.txt
1,S77-VT-406.txt
1,S77-VT-407.txt
1,S77-VT-423.txt
1,S77-VT-429.txt
1,S77-VT-430.txt
1,S77-VT-438.txt
1,S77-VT-444.txt
1,S77-VT-469.txt
0,S77-SR-99.txt
0,S77-SR-100.txt
0,S77-SR-105.txt
0,S77-SR-119.txt
0,S77-SR-303.txt
0,S77-SR-310.txt
0,S77-SR-322.txt
0,S77-SR-336.txt
0,S77-SR-337.txt
0,S77-SR-346.txt
0,S77-SR-349.txt
0,S77-SR-363.txt
0,S77-SR-366.txt
0,S77-SR-371.txt
0,S77-SR-372.txt
0,S77-SR-378.txt
0,S77-VPD-1.txt
0,S77-VPD-2.txt
0,S77-VPD-3.txt
0,S77-VPD-4.txt
0,S77-VPD-5.txt
0,S77-VPD-6.txt
0,S77-VPD-7.txt
0,S77-VPD-8.txt
0,S77-VPD-9.txt
0,S77-VPD-10.txt
0,S77-VPD-11.txt
0,S77-VPD-12.txt
0,S77-VPD-13.txt
0,S77-VPD-14.txt
0,S77-VPD-15.txt
0,S77-VPD-16.txt
0,S77-VPD-17.txt
0,S77-VPD-18.txt
0,S77-VPD-19.txt
0,S77-VPD-20.txt
0,S77-VPD-21.txt
0,S77-VPD-22.txt
0,S77-VPD-23.txt
0,S77-VPD-24.txt
0,S77-VPD-25.txt
0,S77-VPD-26.txt
0,S77-VPD-27.txt
0,S77-VPD-28.txt
0,S77-VPD-29.txt
0,S77-VPD-30.txt
0,S77-VPD-31.txt
0,S77-VPD-32.txt
0,S77-VPD-33.txt
0,S77-VPD-34.txt
0,S77-VPD-35.txt
0,S77-VPD-36.txt
0,S77-VPD-37.txt
0,S77-VPD-38.txt
0,S77-VPD-39.txt
0,S77-VPD-40.txt
0,S77-VPD-41.txt
0,S77-VPD-42.txt
0,S77-VPD-43.txt
0,S77-VPD-44.txt
0,S77-VPD-45.txt
0,S77-VPD-46.txt
0,S77-VPD-47.txt
0,S77-VPD-48.txt
0,S77-VPD-49.txt
0,S77-VPD-50.txt
0,S77-VPD-51.txt
0,S77-VPD-52.txt
0,S77-VPD-53.txt
0,S77-VPD-54.txt
0,S77-VPD-55.txt
0,S77-VPD-56.txt
0,S77-VPD-57.txt
0,S77-VPD-58.txt
0,S77-VPD-59.txt
0,S77-VPD-60.txt
0,S77-VPD-61.txt
0,S77-VPD-62.txt
0,S77-VPD-63.txt
0,S77-VPD-64.txt
0,S77-VPD-65.txt
0,S77-VPD-66.txt
0,S77-VPD-67.txt
0,S77-VPD-68.txt
0,S77-VPD-69.txt
0,S77-VPD-70.txt
0,S77-VPD-71.txt
0,S77-VPD-72.txt
0,S77-VPD-73.txt
0,S77-VPD-74.txt
0,S77-VPD-75.txt
0,S77-VPD-76.txt
0,S77-VPD-77.txt
0,S77-VPD-78.txt
0,S77-VPD-79.txt
0,S77-VPD-80.txt
0,S77-VPD-81.txt
0,S77-VPD-82.txt
0,S77-VPD-83.txt
0,S77-VPD-84.txt
0,S77-VPD-85.txt
0,S77-VPD-86.txt
0,S77-VPD-87.txt
0,S77-VPD-88.txt
0,S77-VPD-89.txt
0,S77-VPD-90.txt
0,S77-VPD-91.txt
0,S77-VPD-92.txt
0,S77-VPD-93.txt
0,S77-VPD-94.txt
0,S77-VPD-95.txt
0,S77-VPD-96.txt
0,S77-VPD-97.txt
0,S77-VPD-98.txt
1,S58-VT-166.txt
1,S58-VT-170.txt
1,S58-VT-171.txt
1,S58-VT-215.txt
1,S58-VT-221.txt
1,S58-VT-226.txt
1,S58-VT-233.txt
1,S58-VT-236.txt
1,S58-VT-247.txt
1,S58-VT-267.txt
1,S58-VT-273.txt
1,S58-VT-294.txt
1,S58-VT-295.txt
1,S58-VT-300.txt
1,S58-VT-301.txt
1,S58-VT-302.txt
1,S58-VT-312.txt
1,S58-VT-322.txt
1,S58-VT-335.txt
1,S58-VT-344.txt
1,S58-VT-354.txt
1,S58-VT-355.txt
1,S58-VT-410.txt
1,S58-VT-414.txt
0,S58-SR-4.txt
0,S58-SR-5.txt
0,S58-SR-6.txt
0,S58-SR-21.txt
0,S58-SR-29.txt
0,S58-SR-60.txt
0,S58-SR-70.txt
0,S58-SR-80.txt
0,S58-SR-99.txt
0,S58-SR-101.txt
0,S58-SR-104.txt
0,S58-SR-127.txt
0,S58-SR-141.txt
0,S58-SR-143.txt
0,S58-SR-147.txt
0,S58-SR-157.txt
0,S58-SR-159.txt
1,S65-VT-103.txt
1,S65-VT-108.txt
1,S65-VT-114.txt
1,S65-VT-121.txt
1,S65-VT-124.txt
1,S65-VT-126.txt
1,S65-VT-128.txt
1,S65-VT-142.txt
1,S65-VT-146.txt
1,S65-VT-148.txt
1,S65-VT-175.txt
1,S65-VT-182.txt
1,S65-VT-186.txt
1,S65-VT-214.txt
1,S65-VT-227.txt
1,S65-VT-231.txt
1,S65-VT-233.txt
1,S65-VT-246.txt
1,S65-VT-255.txt
1,S65-VT-259.txt
1,S65-VT-264.txt
1,S65-VT-265.txt
1,S65-VT-278.txt
1,S65-VT-281.txt
1,S65-VT-291.txt
1,S65-VT-305.txt
1,S65-VT-310.txt
1,S65-VT-311.txt
1,S65-VT-313.txt
1,S65-VT-320.txt
1,S65-VT-322.txt
1,S65-VT-325.txt
1,S65-VT-349.txt
1,S65-VT-382.txt
1,S65-VT-385.txt
1,S65-VT-386.txt
1,S65-VT-390.txt
1,S65-VT-399.txt
1,S65-VT-400.txt
1,S65-VT-413.txt
1,S65-VT-421.txt
1,S65-VT-438.txt
1,S65-VT-471.txt
0,S65-SR-46.txt
0,S65-SR-47.txt
0,S65-SR-64.txt
0,S65-SR-88.txt
0,S65-SR-90.txt
1,S62-VT-123.txt
1,S62-VT-130.txt
1,S62-VT-132.txt
1,S62-VT-139.txt
1,S62-VT-143.txt
1,S62-VT-148.txt
1,S62-VT-153.txt
1,S62-VT-158.txt
1,S62-VT-170.txt
1,S62-VT-174.txt
1,S62-VT-187.txt
1,S62-VT-203.txt
1,S62-VT-221.txt
1,S62-VT-231.txt
1,S62-VT-239.txt
1,S62-VT-252.txt
1,S62-VT-256.txt
1,S62-VT-348.txt
1,S62-VT-352.txt
1,S62-VT-367.txt
1,S62-VT-377.txt
1,S62-VT-415.txt
1,S62-VT-429.txt
1,S62-VT-442.txt
1,S62-VT-468.txt
1,S62-VT-478.txt
1,S62-VT-481.txt
1,S62-VT-498.txt
1,S62-VT-524.txt
1,S62-VT-530.txt
1,S62-VT-557.txt
1,S62-VT-566.txt
1,S62-VT-567.txt
1,S62-VT-596.txt
1,S62-VT-597.txt
1,S62-VT-611.txt
1,S62-VT-620.txt
0,S62-SR-15.txt
0,S62-SR-48.txt
0,S62-SR-51.txt
0,S62-SR-52.txt
0,S62-SR-82.txt
0,S62-SR-84.txt
0,S62-SR-101.txt
0,S62-SR-112.txt
0,S62-SR-114.txt
0,S62-SR-276.txt
0,S62-SR-283.txt
0,S62-SR-288.txt
0,S62-SR-294.txt
0,S62-SR-318.txt
0,S62-SR-320.txt
0,S62-SR-322.txt
0,S62-SR-331.txt
0,S62-SR-338.txt
0,S62-SR-339.txt
0,S62-SR-453.txt
1,S08-VT-101.txt
1,S08-VT-108.txt
1,S08-VT-123.txt
1,S08-VT-127.txt
1,S08-VT-140.txt
1,S08-VT-165.txt
1,S08-VT-168.txt
1,S08-VT-171.txt
1,S08-VT-179.txt
1,S08-VT-184.txt
1,S08-VT-188.txt
1,S08-VT-192.txt
1,S08-VT-199.txt
1,S08-VT-205.txt
1,S08-VT-207.txt
1,S08-VT-210.txt
1,S08-VT-211.txt
1,S08-VT-215.txt
1,S08-VT-227.txt
1,S08-VT-231.txt
1,S08-VT-244.txt
1,S08-VT-246.txt
1,S08-VT-251.txt
1,S08-VT-254.txt
1,S08-VT-294.txt
1,S08-VT-296.txt
1,S08-VT-330.txt
1,S08-VT-331.txt
1,S08-VT-348.txt
1,S08-VT-352.txt
1,S08-VT-358.txt
1,S08-VT-402.txt
1,S08-VT-408.txt
0,S08-SR-9.txt
0,S08-SR-23.txt
0,S08-SR-34.txt
0,S08-SR-36.txt
0,S08-SR-66.txt
0,S08-SR-68.txt
0,S08-SR-77.txt
0,S08-SR-89.txt
0,S08-SR-92.txt
1,S13-VFb-28.txt
1,S13-VFb-29.txt
1,S13-VFb-30.txt
1,S13-VFb-31.txt
1,S13-VFb-32.txt
1,S13-VFb-33.txt
1,S13-VFb-34.txt
1,S13-VFb-35.txt
1,S13-VFb-36.txt
1,S13-VFb-37.txt
1,S13-VFb-38.txt
1,S13-VFb-39.txt
1,S13-VFb-40.txt
1,S13-VFb-41.txt
1,S13-VFb-42.txt
1,S13-VT-49.txt
0,S13-SR-1.txt
0,S13-SR-6.txt
0,S13-SR-23.txt
0,S05-SR-1.txt
0,S05-SR-16.txt
0,S05-SR-32.txt
0,S05-SR-49.txt
0,S05-SR-64.txt
0,S05-SR-77.txt
0,S05-SR-79.txt
0,S05-SR-86.txt
0,S05-SR-89.txt
0,S05-SR-99.txt
0,S05-SR-116.txt
0,S05-SR-119.txt
0,S05-SR-128.txt
0,S05-SR-148.txt
0,S05-SR-150.txt
0,S05-SR-164.txt
0,S05-SR-185.txt
0,S05-SR-206.txt
0,S05-SR-209.txt
0,S05-SR-213.txt
1,S85-VT-53.txt
1,S85-VT-63.txt
1,S85-VT-66.txt
1,S85-VT-69.txt
1,S85-VT-82.txt
1,S85-VT-83.txt
1,S85-VT-102.txt
1,S85-VT-104.txt
1,S85-VT-114.txt
1,S85-VT-120.txt
1,S85-VT-127.txt
0,S85-SR-18.txt
0,S85-SR-34.txt
1,S44-VFb-254.txt
1,S44-VFb-255.txt
1,S44-VFb-256.txt
1,S44-VFb-257.txt
1,S44-VFb-258.txt
1,S44-VFb-259.txt
1,S44-VFb-260.txt
1,S44-VFb-261.txt
1,S44-VFb-262.txt
1,S44-VFb-263.txt
1,S44-VFb-264.txt
1,S44-VFb-265.txt
1,S44-VFb-266.txt
1,S44-VFb-267.txt
1,S44-VFb-268.txt
1,S44-VFb-269.txt
1,S44-VFb-270.txt
1,S44-VFb-271.txt
1,S44-VFb-272.txt
1,S44-VFb-273.txt
1,S44-VFb-274.txt
1,S44-VFb-275.txt
1,S44-VFb-276.txt
1,S44-VFb-277.txt
1,S44-VFb-278.txt
1,S44-VFb-279.txt
1,S44-VFb-280.txt
1,S44-VFb-281.txt
1,S44-VFb-282.txt
1,S44-VFb-283.txt
1,S44-VFb-284.txt
1,S44-VFb-285.txt
1,S44-VFb-286.txt
1,S44-VFb-287.txt
1,S44-VFb-288.txt
1,S44-VFb-289.txt
1,S44-VFb-290.txt
1,S44-VFb-291.txt
1,S44-VFb-292.txt
1,S44-VFb-293.txt
1,S44-VFb-294.txt
1,S44-VFb-295.txt
1,S44-VFb-296.txt
1,S44-VFb-297.txt
1,S44-VFb-298.txt
1,S44-VFb-299.txt
1,S44-VFb-300.txt
1,S44-VFb-301.txt
1,S44-VFb-302.txt
1,S44-VFb-303.txt
1,S44-VFb-304.txt
1,S44-VFb-305.txt
1,S44-VFb-306.txt
1,S44-VFb-307.txt
1,S44-VFb-308.txt
1,S44-VFb-309.txt
1,S44-VFb-310.txt
1,S44-VFb-311.txt
1,S44-VFb-312.txt
1,S44-VFb-313.txt
1,S44-VFb-314.txt
1,S44-VFb-315.txt
1,S44-VFb-316.txt
1,S44-VFb-317.txt
1,S44-VFb-318.txt
1,S44-VFb-319.txt
1,S44-VFb-320.txt
1,S44-VFb-321.txt
1,S44-VFb-322.txt
1,S44-VFb-323.txt
1,S44-VFb-324.txt
1,S44-VFb-325.txt
1,S44-VFb-326.txt
1,S44-VFb-327.txt
1,S44-VFb-328.txt
1,S44-VFb-329.txt
1,S44-VFb-330.txt
1,S44-VFb-331.txt
1,S44-VFb-332.txt
1,S44-VFb-333.txt
1,S44-VFb-334.txt
1,S44-VFb-335.txt
1,S44-VFb-336.txt
1,S44-VFb-337.txt
1,S44-VFb-338.txt
1,S44-VFb-339.txt
1,S44-VFb-340.txt
1,S44-VFb-341.txt
1,S44-VFb-342.txt
1,S44-VFb-343.txt
1,S44-VFb-344.txt
1,S44-VFb-345.txt
1,S44-VFb-346.txt
1,S44-VFb-347.txt
1,S44-VFb-348.txt
1,S44-VFb-349.txt
1,S44-VFb-350.txt
1,S44-VFb-351.txt
1,S44-VFb-352.txt
1,S44-VFb-353.txt
1,S44-VFb-354.txt
1,S44-VFb-355.txt
1,S44-VFb-356.txt
1,S44-VFb-357.txt
1,S44-VFb-358.txt
1,S44-VFb-359.txt
1,S44-VFb-360.txt
1,S44-VFb-361.txt
1,S44-VFb-362.txt
1,S44-VFb-363.txt
1,S44-VFb-385.txt
1,S44-VFb-386.txt
1,S44-VFb-387.txt
1,S44-VFb-388.txt
1,S44-VFb-389.txt
1,S44-VFb-390.txt
1,S44-VFb-391.txt
1,S44-VFb-392.txt
1,S44-VFb-393.txt
1,S44-VFb-394.txt
1,S44-VFb-395.txt
1,S44-VFb-396.txt
1,S44-VFb-397.txt
1,S44-VFb-398.txt
1,S44-VFb-399.txt
1,S44-VFb-400.txt
1,S44-VFb-401.txt
1,S44-VFb-402.txt
1,S44-VFb-403.txt
1,S44-VFb-404.txt
1,S44-VFb-405.txt
1,S44-VFb-406.txt
1,S44-VFb-407.txt
1,S44-VFb-408.txt
1,S44-VFb-409.txt
1,S44-VFb-410.txt
1,S44-VFb-411.txt
1,S44-VFb-412.txt
1,S44-VFb-413.txt
1,S44-VFb-414.txt
1,S44-VFb-415.txt
1,S44-VFb-416.txt
1,S44-VFb-417.txt
1,S44-VFb-418.txt
1,S44-VFb-419.txt
1,S44-VFb-420.txt
1,S44-VFb-421.txt
1,S44-VFb-422.txt
1,S44-VFb-423.txt
1,S44-VFb-424.txt
1,S44-VFb-425.txt
1,S44-VFb-426.txt
1,S44-VFb-427.txt
1,S44-VFb-428.txt
1,S44-VFb-429.txt
1,S44-VFb-430.txt
1,S44-VFb-431.txt
1,S44-VFb-432.txt
1,S44-VFb-433.txt
1,S44-VFb-434.txt
1,S44-VFb-435.txt
1,S44-VFb-436.txt
1,S44-VFb-437.txt
1,S44-VFb-438.txt
1,S44-VFb-439.txt
0,S44-SR-6.txt
0,S44-SR-18.txt
0,S44-SR-24.txt
0,S44-SR-30.txt
0,S44-SR-36.txt
0,S44-SR-59.txt
0,S44-SR-66.txt
0,S44-SR-82.txt
0,S44-SR-122.txt
0,S44-SR-125.txt
0,S44-SR-136.txt
0,S44-SR-140.txt
0,S44-SR-163.txt
0,S44-SR-168.txt
0,S44-SR-175.txt
0,S44-SR-179.txt
0,S44-SR-182.txt
0,S44-SR-189.txt
0,S44-SR-210.txt
0,S44-SR-219.txt
0,S44-SR-222.txt
0,S44-SR-226.txt
0,S44-SR-245.txt
0,S44-SR-253.txt
0,S44-SR-367.txt
0,S44-SR-370.txt
0,S44-SR-441.txt
0,S44-SR-442.txt
0,S44-SR-449.txt
0,S44-SR-456.txt
0,S44-SR-472.txt
0,S44-SR-477.txt
0,S44-SR-485.txt
0,S44-SR-493.txt
0,S44-SR-504.txt
0,S44-SR-508.txt
0,S44-SR-528.txt
0,S44-SR-533.txt
0,S44-SR-543.txt
0,S44-SR-545.txt
0,S44-SR-552.txt
1,S40-VFb-138.txt
1,S40-VFb-139.txt
1,S40-VFb-140.txt
1,S40-VFb-141.txt
1,S40-VFb-142.txt
1,S40-VFb-143.txt
1,S40-VFb-144.txt
1,S40-VFb-145.txt
1,S40-VFb-146.txt
1,S40-VFb-147.txt
1,S40-VFb-148.txt
1,S40-VFb-149.txt
1,S40-VFb-150.txt
1,S40-VFb-151.txt
1,S40-VFb-152.txt
1,S40-VFb-153.txt
1,S40-VFb-154.txt
1,S40-VFb-155.txt
1,S40-VFb-156.txt
1,S40-VFb-157.txt
1,S40-VFb-158.txt
1,S40-VFb-159.txt
1,S40-VFb-160.txt
1,S40-VFb-161.txt
1,S40-VFb-162.txt
1,S40-VFb-163.txt
1,S40-VFb-164.txt
1,S40-VFb-165.txt
1,S40-VFb-166.txt
1,S40-VFb-167.txt
1,S40-VFb-168.txt
1,S40-VFb-169.txt
1,S40-VFb-170.txt
1,S40-VFb-171.txt
1,S40-VFb-172.txt
1,S40-VFb-173.txt
1,S40-VFb-174.txt
1,S40-VFb-175.txt
1,S40-VFb-176.txt
1,S40-VFb-177.txt
1,S40-VFb-178.txt
1,S40-VFb-179.txt
1,S40-VFb-180.txt
1,S40-VFb-181.txt
1,S40-VFb-182.txt
1,S40-VFb-183.txt
1,S40-VFb-184.txt
1,S40-VFb-185.txt
1,S40-VFb-186.txt
1,S40-VFb-187.txt
1,S40-VFb-188.txt
1,S40-VT-1.txt
1,S40-VT-7.txt
1,S40-VT-15.txt
1,S40-VT-30.txt
1,S40-VT-35.txt
1,S40-VT-39.txt
1,S40-VT-44.txt
1,S40-VT-62.txt
1,S40-VT-75.txt
1,S40-VT-89.txt
1,S40-VT-90.txt
1,S40-VT-99.txt
1,S40-VT-118.txt
1,S40-VT-119.txt
1,S40-VT-128.txt
0,S40-AFb-189.txt
0,S40-AFb-190.txt
0,S40-AFb-191.txt
0,S40-AFb-192.txt
0,S40-AFb-193.txt
0,S40-AFb-194.txt
0,S40-AFb-195.txt
0,S40-AFb-196.txt
0,S40-AFb-197.txt
0,S40-AFb-198.txt
0,S40-AFb-199.txt
0,S40-AFb-200.txt
0,S40-AFb-201.txt
0,S40-AFb-202.txt
0,S40-AFb-203.txt
0,S40-AFb-204.txt
0,S40-AFb-205.txt
0,S40-AFb-206.txt
0,S40-AFb-207.txt
0,S40-AFb-208.txt
0,S40-AFb-209.txt
0,S40-AFb-210.txt
0,S40-AFb-211.txt
0,S40-AFb-212.txt
0,S40-AFb-213.txt
0,S40-AFb-214.txt
0,S40-AFb-215.txt
0,S40-AFb-216.txt
0,S40-AFb-217.txt
0,S40-AFb-218.txt
0,S40-AFb-219.txt
0,S40-AFb-220.txt
0,S40-AFb-221.txt
0,S40-AFb-222.txt
0,S40-AFb-223.txt
0,S40-AFb-224.txt
0,S40-AFb-225.txt
0,S40-AFb-226.txt
1,S86-VT-135.txt
1,S86-VT-139.txt
1,S86-VT-145.txt
1,S86-VT-149.txt
1,S86-VT-170.txt
1,S86-VT-174.txt
1,S86-VT-175.txt
1,S86-VT-188.txt
1,S86-VT-191.txt
1,S86-VT-206.txt
1,S86-VT-233.txt
1,S86-VT-240.txt
1,S86-VT-247.txt
1,S86-VT-249.txt
1,S86-VT-250.txt
1,S86-VT-254.txt
1,S86-VT-264.txt
1,S86-VT-287.txt
1,S86-VT-299.txt
1,S86-VT-307.txt
1,S86-VT-314.txt
1,S86-VT-339.txt
1,S86-VT-373.txt
1,S86-VT-384.txt
1,S86-VT-416.txt
1,S86-VT-421.txt
1,S86-VT-427.txt
1,S86-VT-430.txt
1,S86-VT-437.txt
1,S86-VT-441.txt
1,S86-VT-443.txt
1,S86-VT-453.txt
1,S86-VT-472.txt
1,S86-VT-482.txt
1,S86-VT-483.txt
1,S86-VT-484.txt
1,S86-VT-488.txt
1,S86-VT-496.txt
1,S86-VT-518.txt
1,S86-VT-531.txt
1,S86-VT-533.txt
1,S86-VT-549.txt
1,S86-VT-550.txt
1,S86-VT-565.txt
1,S86-VT-575.txt
1,S86-VT-586.txt
1,S86-VT-589.txt
1,S86-VT-591.txt
1,S86-VT-601.txt
1,S86-VT-614.txt
1,S86-VT-644.txt
1,S86-VT-652.txt
1,S86-VT-664.txt
1,S86-VT-668.txt
1,S86-VT-671.txt
1,S86-VT-673.txt
1,S86-VT-675.txt
1,S86-VT-677.txt
1,S86-VT-700.txt
1,S86-VT-729.txt
1,S86-VT-736.txt
1,S86-VT-747.txt
1,S86-VT-749.txt
1,S86-VT-758.txt
1,S86-VT-775.txt
1,S86-VT-783.txt
1,S86-VT-793.txt
1,S86-VT-797.txt
1,S86-VT-799.txt
1,S86-VT-803.txt
1,S86-VT-804.txt
1,S86-VT-829.txt
1,S86-VT-835.txt
1,S86-VT-843.txt
1,S86-VT-858.txt
1,S86-VT-864.txt
1,S86-VT-866.txt
1,S86-VT-871.txt
1,S86-VT-886.txt
1,S86-VT-897.txt
1,S86-VT-898.txt
1,S86-VT-919.txt
1,S86-VT-920.txt
1,S86-VT-923.txt
1,S86-VT-938.txt
1,S86-VT-956.txt
1,S86-VT-1098.txt
1,S86-VT-1119.txt
1,S86-VT-1130.txt
1,S86-VT-1150.txt
1,S86-VT-1151.txt
0,S86-SR-9.txt
0,S86-SR-14.txt
0,S86-SR-32.txt
0,S86-SR-44.txt
0,S86-SR-45.txt
0,S86-SR-50.txt
0,S86-SR-59.txt
0,S86-SR-65.txt
0,S86-SR-69.txt
0,S86-SR-72.txt
0,S86-SR-94.txt
0,S86-SR-104.txt
0,S86-SR-105.txt
0,S86-SR-107.txt
0,S86-SR-111.txt
0,S86-SR-113.txt
0,S86-SR-981.txt
0,S86-SR-1005.txt
0,S86-SR-1018.txt
0,S86-SR-1029.txt
0,S86-SR-1043.txt
0,S86-SR-1066.txt
0,S86-SR-1082.txt
0,S86-SR-1083.txt
0,S17-SR-3.txt
0,S17-SR-12.txt
0,S17-SR-20.txt
0,S17-SR-33.txt
0,S17-SR-45.txt
0,S17-SR-76.txt
0,S17-SR-84.txt
0,S17-SR-91.txt
0,S17-SR-93.txt
0,S17-SVT-99.txt
0,S17-SVT-100.txt
0,S17-SVT-101.txt
0,S17-SVT-102.txt
0,S17-SVT-103.txt
0,S17-SVT-104.txt
0,S17-SVT-105.txt
0,S17-SVT-106.txt
0,S17-SVT-107.txt
0,S17-SVT-108.txt
0,S17-SVT-109.txt
0,S17-SVT-110.txt
0,S17-SVT-111.txt
0,S17-SVT-112.txt
0,S17-SVT-113.txt
0,S17-SVT-114.txt
0,S17-SVT-115.txt
0,S17-SVT-116.txt
0,S17-SVT-117.txt
0,S17-SVT-118.txt
0,S17-SVT-119.txt
0,S17-SVT-120.txt
0,S17-SVT-121.txt
0,S17-SVT-122.txt
0,S17-SVT-123.txt
0,S17-SVT-124.txt
0,S17-SVT-125.txt
0,S17-SVT-126.txt
0,S17-SVT-127.txt
0,S17-SVT-128.txt
0,S17-SVT-129.txt
0,S17-SVT-130.txt
0,S17-SVT-131.txt
0,S17-SVT-132.txt
0,S17-SVT-133.txt
0,S17-SVT-134.txt
0,S17-SVT-135.txt
0,S17-SVT-136.txt
0,S17-SVT-137.txt
0,S17-SVT-138.txt
0,S17-SVT-139.txt
0,S17-SVT-140.txt
0,S17-SVT-141.txt
0,S17-SVT-142.txt
0,S17-SVT-143.txt
0,S17-SVT-144.txt
0,S17-SVT-145.txt
0,S17-SVT-146.txt
0,S17-SVT-147.txt
0,S17-SVT-148.txt
0,S17-SVT-149.txt
0,S17-SVT-150.txt
0,S17-SVT-151.txt
0,S17-SVT-152.txt
0,S17-SVT-153.txt
0,S17-SVT-154.txt
0,S17-SVT-155.txt
0,S17-SVT-156.txt
0,S17-SVT-157.txt
0,S17-SVT-158.txt
0,S17-SVT-159.txt
0,S17-SVT-160.txt
0,S17-SVT-161.txt
0,S17-SVT-162.txt
0,S17-SVT-163.txt
0,S17-SVT-164.txt
0,S17-SVT-165.txt
0,S17-SVT-166.txt
0,S17-SVT-167.txt
0,S17-SVT-168.txt
0,S17-SVT-169.txt
0,S17-SVT-170.txt
0,S17-SVT-171.txt
0,S17-SVT-172.txt
0,S17-SVT-173.txt
0,S17-SVT-174.txt
0,S17-SVT-175.txt
0,S17-SVT-176.txt
0,S17-SVT-177.txt
0,S17-SVT-178.txt
0,S17-SVT-179.txt
0,S17-SVT-180.txt
0,S17-SVT-181.txt
0,S17-SVT-182.txt
0,S17-SVT-183.txt
0,S17-SVT-184.txt
0,S17-SVT-185.txt
0,S17-SVT-186.txt
0,S17-SVT-187.txt
0,S17-SVT-188.txt
0,S17-SVT-189.txt
0,S17-SVT-190.txt
0,S17-SVT-191.txt
0,S17-SVT-192.txt
0,S17-SVT-193.txt
0,S17-SVT-194.txt
0,S17-SVT-195.txt
0,S17-SVT-196.txt
0,S17-SVT-197.txt
0,S17-SVT-198.txt
0,S17-SVT-199.txt
0,S17-SVT-200.txt
0,S17-SVT-201.txt
0,S17-SVT-202.txt
0,S17-SVT-203.txt
0,S17-SVT-204.txt
0,S17-SVT-205.txt
0,S17-SVT-206.txt
0,S17-SVT-207.txt
0,S17-SVT-208.txt
0,S17-SVT-209.txt
0,S17-SVT-210.txt
0,S17-SVT-211.txt
0,S17-SVT-212.txt
0,S17-SVT-213.txt
0,S17-SVT-214.txt
0,S17-SVT-215.txt
0,S17-SVT-216.txt
0,S17-SVT-217.txt
0,S17-SVT-218.txt
0,S17-SVT-219.txt
0,S17-SVT-220.txt
0,S17-SVT-221.txt
0,S17-SVT-222.txt
0,S17-SVT-223.txt
0,S17-SVT-224.txt
0,S17-SVT-225.txt
0,S17-SVT-226.txt
0,S17-SVT-227.txt
0,S17-SVT-228.txt
0,S17-SVT-229.txt
0,S17-SVT-230.txt
0,S17-SVT-231.txt
0,S17-SVT-232.txt
0,S17-SVT-233.txt
0,S17-SVT-234.txt
0,S17-SVT-235.txt
0,S17-SVT-236.txt
0,S17-SVT-237.txt
1,S74-VT-92.txt
1,S74-VT-111.txt
1,S74-VT-147.txt
1,S74-VT-173.txt
1,S74-VT-174.txt
1,S74-VT-175.txt
1,S74-VT-190.txt
1,S74-VT-199.txt
1,S74-VT-314.txt
1,S74-VT-337.txt
1,S74-VT-350.txt
1,S74-VT-353.txt
1,S74-VT-365.txt
0,S74-SR-9.txt
0,S74-SR-18.txt
0,S74-SR-36.txt
0,S74-SR-40.txt
0,S74-SR-219.txt
0,S74-SR-243.txt
0,S74-SR-265.txt
0,S74-SR-269.txt
0,S74-SR-274.txt
0,S74-SR-275.txt
0,S74-SR-284.txt
0,S74-SR-295.txt
0,S74-SR-296.txt
0,S74-SR-299.txt
0,S74-SR-300.txt
0,S74-SR-304.txt
1,S73-VT-106.txt
1,S73-VT-111.txt
1,S73-VT-115.txt
1,S73-VT-119.txt
1,S73-VT-124.txt
1,S73-VT-125.txt
1,S73-VT-135.txt
1,S73-VT-146.txt
1,S73-VT-148.txt
1,S73-VT-160.txt
1,S73-VT-184.txt
1,S73-VT-186.txt
1,S73-VT-190.txt
1,S73-VT-195.txt
1,S73-VT-204.txt
1,S73-VT-218.txt
1,S73-VT-225.txt
1,S73-VT-236.txt
1,S73-VT-246.txt
1,S73-VT-251.txt
1,S73-VT-264.txt
1,S73-VT-279.txt
1,S73-VT-283.txt
1,S73-VT-289.txt
1,S73-VT-310.txt
1,S73-VT-317.txt
1,S73-VT-322.txt
1,S73-VT-329.txt
1,S73-VT-340.txt
1,S73-VT-346.txt
1,S73-VT-360.txt
1,S73-VT-361.txt
1,S73-VT-370.txt
1,S73-VT-373.txt
1,S73-VT-389.txt
1,S73-VT-397.txt
1,S73-VT-400.txt
1,S73-VT-403.txt
0,S73-SR-5.txt
0,S73-SR-18.txt
0,S73-SR-21.txt
0,S73-SR-22.txt
0,S73-SR-29.txt
0,S73-SR-35.txt
0,S73-SR-42.txt
0,S73-SR-51.txt
0,S73-SR-52.txt
0,S73-SR-56.txt
0,S73-SR-59.txt
0,S73-SR-81.txt
1,S30-VT-148.txt
1,S30-VT-189.txt
1,S30-VT-207.txt
1,S30-VT-245.txt
1,S30-VT-254.txt
1,S30-VT-266.txt
1,S30-VT-303.txt
1,S30-VT-326.txt
1,S30-VT-341.txt
1,S30-VT-353.txt
1,S30-VT-354.txt
1,S30-VT-356.txt
1,S30-VT-357.txt
0,S30-SR-12.txt
0,S30-SR-15.txt
0,S30-SR-20.txt
0,S30-SR-26.txt
0,S30-SR-53.txt
0,S30-SR-63.txt
0,S30-SR-66.txt
0,S30-SR-84.txt
0,S30-SR-88.txt
0,S30-SR-110.txt
0,S30-SR-131.txt
0,S30-SR-146.txt
1,S53-VFb-136.txt
1,S53-VFb-137.txt
1,S53-VFb-138.txt
1,S53-VFb-139.txt
1,S53-VFb-140.txt
1,S53-VFb-141.txt
1,S53-VFb-142.txt
1,S53-VFb-143.txt
1,S53-VFb-144.txt
1,S53-VFb-145.txt
1,S53-VFb-146.txt
1,S53-VFb-147.txt
1,S53-VFb-148.txt
1,S53-VFb-149.txt
1,S53-VFb-150.txt
1,S53-VFb-151.txt
1,S53-VFb-152.txt
1,S53-VFb-153.txt
1,S53-VFb-154.txt
1,S53-VFb-155.txt
1,S53-VFb-156.txt
1,S53-VFb-157.txt
1,S53-VFb-158.txt
1,S53-VFb-159.txt
1,S53-VFb-160.txt
1,S53-VFb-161.txt
1,S53-VFb-162.txt
1,S53-VFb-163.txt
1,S53-VFb-164.txt
1,S53-VFb-165.txt
1,S53-VFb-166.txt
1,S53-VFb-167.txt
1,S53-VFb-168.txt
1,S53-VFb-169.txt
1,S53-VFb-170.txt
1,S53-VFb-171.txt
1,S53-VFb-172.txt
1,S53-VFb-173.txt
1,S53-VFb-174.txt
1,S53-VFb-175.txt
1,S53-VFb-176.txt
1,S53-VFb-177.txt
1,S53-VFb-178.txt
1,S53-VFb-179.txt
1,S53-VFb-184.txt
1,S53-VFb-185.txt
1,S53-VFb-186.txt
1,S53-VFb-187.txt
1,S53-VFb-188.txt
1,S53-VFb-189.txt
1,S53-VFb-190.txt
1,S53-VFb-191.txt
1,S53-VFb-192.txt
1,S53-VFb-193.txt
1,S53-VFb-194.txt
1,S53-VFb-195.txt
1,S53-VFb-196.txt
1,S53-VFb-197.txt
1,S53-VFb-198.txt
1,S53-VFb-199.txt
1,S53-VFb-200.txt
1,S53-VFb-201.txt
1,S53-VFb-202.txt
1,S53-VFb-203.txt
1,S53-VFb-204.txt
1,S53-VFb-205.txt
1,S53-VFb-206.txt
1,S53-VFb-207.txt
1,S53-VFb-208.txt
1,S53-VFb-209.txt
1,S53-VFb-210.txt
1,S53-VFb-211.txt
1,S53-VFb-212.txt
1,S53-VFb-213.txt
1,S53-VFb-214.txt
1,S53-VFb-215.txt
1,S53-VFb-216.txt
1,S53-VFb-217.txt
1,S53-VFb-218.txt
1,S53-VFb-219.txt
1,S53-VFb-220.txt
1,S53-VFb-221.txt
1,S53-VFb-222.txt
1,S53-VFb-223.txt
1,S53-VFb-224.txt
1,S53-VFb-225.txt
1,S53-VFb-226.txt
1,S53-VFb-227.txt
1,S53-VFb-228.txt
1,S53-VFb-229.txt
1,S53-VFb-230.txt
1,S53-VFb-231.txt
1,S53-VFb-232.txt
1,S53-VFb-233.txt
1,S53-VFb-234.txt
1,S53-VFb-235.txt
1,S53-VFb-236.txt
1,S53-VFb-237.txt
1,S53-VFb-238.txt
1,S53-VFb-239.txt
1,S53-VFb-240.txt
1,S53-VFb-241.txt
1,S53-VFb-242.txt
1,S53-VFb-243.txt
1,S53-VFb-244.txt
1,S53-VFb-245.txt
1,S53-VFb-246.txt
1,S53-VFb-247.txt
1,S53-VFb-248.txt
1,S53-VFb-249.txt
1,S53-VFb-250.txt
1,S53-VFb-251.txt
1,S53-VFb-252.txt
1,S53-VFb-253.txt
0,S53-SR-21.txt
0,S53-SR-63.txt
0,S53-SR-65.txt
0,S53-SR-71.txt
0,S53-SR-74.txt
0,S53-SR-78.txt
0,S53-SR-81.txt
0,S53-SR-85.txt
0,S53-SR-109.txt
0,S53-SR-111.txt
0,S53-SR-113.txt
0,S53-SR-115.txt
0,S53-SR-116.txt
0,S53-SR-117.txt
1,S49-VT-128.txt
1,S49-VT-151.txt
1,S49-VT-157.txt
1,S49-VT-205.txt
1,S49-VT-220.txt
1,S49-VT-229.txt
1,S49-VT-235.txt
1,S49-VT-239.txt
1,S49-VT-251.txt
1,S49-VT-264.txt
1,S49-VT-266.txt
1,S49-VT-267.txt
0,S49-SR-110.txt
0,S49-SR-175.txt
0,S49-SR-180.txt
0,S49-SR-183.txt
0,S49-SR-194.txt
0,S49-SR-197.txt
0,S49-SR-240.txt
0,S49-VPD-1.txt
0,S49-VPD-2.txt
0,S49-VPD-3.txt
0,S49-VPD-4.txt
0,S49-VPD-5.txt
0,S49-VPD-6.txt
0,S49-VPD-7.txt
0,S49-VPD-8.txt
0,S49-VPD-9.txt
0,S49-VPD-10.txt
0,S49-VPD-11.txt
0,S49-VPD-12.txt
0,S49-VPD-13.txt
0,S49-VPD-14.txt
0,S49-VPD-15.txt
0,S49-VPD-16.txt
0,S49-VPD-17.txt
0,S49-VPD-18.txt
0,S49-VPD-19.txt
0,S49-VPD-20.txt
0,S49-VPD-21.txt
0,S49-VPD-22.txt
0,S49-VPD-23.txt
0,S49-VPD-24.txt
0,S49-VPD-25.txt
0,S49-VPD-26.txt
0,S49-VPD-27.txt
0,S49-VPD-28.txt
0,S49-VPD-29.txt
0,S49-VPD-30.txt
0,S49-VPD-31.txt
0,S49-VPD-32.txt
0,S49-VPD-33.txt
0,S49-VPD-34.txt
0,S49-VPD-35.txt
0,S49-VPD-36.txt
0,S49-VPD-37.txt
0,S49-VPD-38.txt
0,S49-VPD-39.txt
0,S49-VPD-40.txt
0,S49-VPD-41.txt
0,S49-VPD-42.txt
0,S49-VPD-43.txt
0,S49-VPD-44.txt
0,S49-VPD-45.txt
0,S49-VPD-46.txt
0,S49-VPD-47.txt
0,S49-VPD-48.txt
0,S49-VPD-49.txt
0,S49-VPD-50.txt
0,S49-VPD-51.txt
0,S49-VPD-52.txt
0,S49-VPD-53.txt
0,S49-VPD-54.txt
0,S49-VPD-55.txt
0,S49-VPD-56.txt
0,S49-VPD-57.txt
0,S49-VPD-58.txt
0,S49-VPD-59.txt
0,S49-VPD-60.txt
0,S49-VPD-61.txt
0,S49-VPD-62.txt
0,S49-VPD-63.txt
0,S49-VPD-64.txt
0,S49-VPD-65.txt
0,S49-VPD-66.txt
0,S49-VPD-67.txt
0,S49-VPD-68.txt
0,S49-VPD-69.txt
0,S49-VPD-70.txt
0,S49-VPD-71.txt
0,S49-VPD-72.txt
0,S49-VPD-73.txt
0,S49-VPD-74.txt
0,S49-VPD-75.txt
0,S49-VPD-76.txt
0,S49-VPD-77.txt
0,S49-VPD-78.txt
0,S49-VPD-79.txt
0,S49-VPD-80.txt
0,S49-VPD-81.txt
0,S49-VPD-82.txt
0,S49-VPD-83.txt
0,S49-VPD-84.txt
0,S49-VPD-85.txt
0,S49-VPD-86.txt
0,S49-VPD-87.txt
0,S49-VPD-88.txt
0,S49-VPD-89.txt
0,S49-VPD-90.txt
0,S49-VPD-91.txt
0,S49-VPD-92.txt
0,S49-VPD-93.txt
0,S49-VPD-94.txt
0,S49-VPD-95.txt
0,S49-VPD-96.txt
0,S37-SR-2.txt
0,S37-SR-3.txt
0,S37-SR-5.txt
0,S37-SR-14.txt
0,S37-SR-21.txt
0,S37-SR-24.txt
0,S37-SR-34.txt
0,S37-SR-39.txt
0,S37-SR-53.txt
0,S37-SR-85.txt
0,S37-SR-94.txt
0,S37-SR-96.txt
0,S37-SR-100.txt
0,S37-SR-110.txt
0,S37-SR-112.txt
0,S37-SR-115.txt
0,S37-SVT-116.txt
0,S37-SVT-117.txt
0,S37-SVT-118.txt
0,S37-SVT-119.txt
0,S37-SVT-120.txt
0,S37-SVT-121.txt
0,S37-SVT-122.txt
0,S37-SVT-123.txt
0,S37-SVT-124.txt
0,S37-SVT-125.txt
0,S37-SVT-126.txt
0,S37-SVT-127.txt
0,S37-SVT-128.txt
0,S37-SVT-129.txt
0,S37-SVT-130.txt
0,S37-SVT-131.txt
0,S37-SVT-132.txt
0,S37-SVT-133.txt
0,S37-SVT-134.txt
0,S37-SVT-135.txt
0,S37-SVT-136.txt
0,S37-SVT-137.txt
0,S37-SVT-138.txt
0,S37-SVT-139.txt
0,S37-SVT-140.txt
0,S37-SVT-141.txt
0,S37-SVT-142.txt
0,S37-SVT-143.txt
0,S37-SVT-144.txt
0,S37-SVT-145.txt
0,S37-SVT-146.txt
0,S37-SVT-147.txt
0,S37-SVT-148.txt
0,S37-SVT-149.txt
0,S37-SVT-150.txt
0,S37-SVT-151.txt
0,S37-SVT-152.txt
0,S37-SVT-153.txt
0,S37-SVT-154.txt
0,S37-SVT-155.txt
0,S37-SVT-156.txt
0,S37-SVT-157.txt
0,S37-SVT-158.txt
0,S37-SVT-159.txt
0,S37-SVT-160.txt
0,S37-SVT-161.txt
0,S37-SVT-162.txt
0,S37-SVT-163.txt
0,S37-SVT-164.txt
0,S37-SVT-165.txt
0,S37-SVT-166.txt
0,S37-SVT-167.txt
0,S37-SVT-168.txt
0,S37-SVT-169.txt
0,S37-SVT-170.txt
0,S37-SVT-171.txt
0,S37-SVT-172.txt
0,S37-SVT-173.txt
0,S37-SVT-174.txt
0,S37-SVT-175.txt
0,S37-SVT-176.txt
0,S37-SVT-177.txt
0,S37-SVT-178.txt
0,S37-SVT-179.txt
0,S37-SVT-180.txt
0,S37-SVT-181.txt
0,S37-SVT-182.txt
0,S37-SVT-183.txt
0,S37-SVT-184.txt
0,S37-SVT-185.txt
0,S37-SVT-186.txt
0,S37-SVT-187.txt
0,S37-SVT-188.txt
0,S37-SVT-189.txt
0,S37-SVT-190.txt
0,S37-SVT-191.txt
0,S37-SVT-192.txt
0,S37-SVT-193.txt
0,S37-SVT-194.txt
0,S37-SVT-195.txt
0,S37-SVT-196.txt
0,S37-SVT-197.txt
0,S37-SVT-198.txt
0,S37-SVT-199.txt
0,S37-SVT-200.txt
0,S37-SVT-201.txt
0,S37-SVT-202.txt
0,S37-SVT-203.txt
0,S37-SVT-204.txt
0,S37-SVT-205.txt
0,S37-SVT-206.txt
0,S37-SVT-207.txt
0,S37-SVT-208.txt
0,S37-SVT-209.txt
0,S37-SVT-210.txt
0,S37-SVT-211.txt
0,S37-SVT-212.txt
0,S37-SVT-213.txt
0,S37-SVT-214.txt
0,S37-SVT-215.txt
0,S37-SVT-216.txt
0,S37-SVT-217.txt
0,S37-SVT-218.txt
0,S37-SVT-219.txt
0,S37-SVT-220.txt
0,S37-SVT-221.txt
0,S37-SVT-222.txt
0,S37-SVT-223.txt
0,S37-SVT-224.txt
0,S37-SVT-225.txt
0,S37-SVT-226.txt
0,S37-SVT-227.txt
0,S37-SVT-228.txt
0,S37-SVT-229.txt
0,S37-SVT-230.txt
0,S37-SVT-231.txt
0,S37-SVT-232.txt
0,S37-SVT-233.txt
0,S37-SVT-234.txt
0,S37-SVT-235.txt
0,S37-SVT-236.txt
0,S37-SVT-237.txt
0,S37-SVT-238.txt
0,S37-SVT-239.txt
0,S37-SVT-240.txt
0,S37-SVT-241.txt
0,S37-SVT-242.txt
0,S37-SVT-243.txt
0,S37-SVT-244.txt
0,S37-SVT-245.txt
0,S37-SVT-246.txt
0,S37-SVT-247.txt
0,S37-SVT-248.txt
0,S37-SVT-249.txt
0,S37-SVT-250.txt
0,S37-SVT-251.txt
0,S37-SVT-252.txt
0,S37-SVT-253.txt
0,S37-SVT-254.txt
0,S37-SVT-255.txt
0,S37-SVT-256.txt
0,S37-SVT-257.txt
0,S37-SVT-258.txt
0,S37-SVT-259.txt
0,S37-SVT-260.txt
0,S37-SVT-261.txt
0,S37-SVT-262.txt
1,S15-VT-182.txt
1,S15-VT-189.txt
1,S15-VT-214.txt
1,S15-VT-215.txt
1,S15-VT-231.txt
1,S15-VT-237.txt
1,S15-VT-256.txt
1,S15-VT-323.txt
1,S15-VT-324.txt
1,S15-VT-325.txt
1,S15-VT-339.txt
1,S15-VT-355.txt
1,S15-VT-358.txt
1,S15-VT-361.txt
1,S15-VT-378.txt
1,S15-VT-385.txt
1,S15-VT-418.txt
1,S15-VT-425.txt
1,S15-VT-430.txt
1,S15-VT-444.txt
1,S15-VT-462.txt
1,S15-VT-467.txt
1,S15-VT-629.txt
1,S15-VT-638.txt
1,S15-VT-661.txt
1,S15-VT-667.txt
1,S15-VT-677.txt
1,S15-VT-688.txt
1,S15-VT-700.txt
1,S15-VT-707.txt
1,S15-VT-710.txt
1,S15-VT-713.txt
1,S15-VT-726.txt
1,S15-VT-747.txt
1,S15-VT-857.txt
1,S15-VT-867.txt
1,S15-VT-875.txt
1,S15-VT-882.txt
1,S15-VT-886.txt
1,S15-VT-903.txt
1,S15-VT-911.txt
1,S15-VT-924.txt
1,S15-VT-945.txt
0,S15-SR-1.txt
0,S15-SR-6.txt
0,S15-SR-23.txt
0,S15-SR-40.txt
0,S15-SR-41.txt
0,S15-SR-46.txt
0,S15-SR-49.txt
0,S15-SR-59.txt
0,S15-SR-62.txt
0,S15-SR-69.txt
0,S15-SR-87.txt
0,S15-SR-96.txt
0,S15-SR-98.txt
0,S15-SR-100.txt
0,S15-SR-104.txt
0,S15-SR-120.txt
0,S15-SR-133.txt
0,S15-SR-134.txt
0,S15-SR-137.txt
0,S15-SR-145.txt
0,S15-SR-154.txt
0,S15-SR-156.txt
0,S15-SR-159.txt
0,S15-SR-162.txt
0,S15-SR-166.txt
0,S15-SR-169.txt
0,S15-SR-178.txt
0,S15-SR-294.txt
0,S15-SR-295.txt
0,S15-SR-297.txt
0,S15-SR-497.txt
0,S15-SR-502.txt
0,S15-SR-515.txt
0,S15-SR-518.txt
0,S15-SR-522.txt
0,S15-SR-526.txt
0,S15-SR-527.txt
0,S15-SR-553.txt
0,S15-SR-555.txt
0,S15-SR-567.txt
0,S15-SR-570.txt
0,S15-SR-579.txt
0,S15-SR-595.txt
0,S15-SR-613.txt
0,S15-SR-615.txt
0,S15-SR-624.txt
0,S15-SR-752.txt
0,S15-SR-759.txt
0,S15-SR-768.txt
0,S15-SR-785.txt
0,S15-SR-802.txt
0,S15-SR-804.txt
0,S15-SR-805.txt
0,S15-SR-813.txt
0,S15-SR-818.txt
0,S15-SR-820.txt
0,S15-SR-825.txt
0,S15-SR-826.txt
0,S15-SR-829.txt
0,S15-SR-848.txt
1,S16-VFb-100.txt
1,S16-VFb-101.txt
1,S16-VFb-102.txt
1,S16-VFb-103.txt
1,S16-VFb-104.txt
1,S16-VFb-105.txt
1,S16-VFb-106.txt
1,S16-VFb-107.txt
0,S16-SR-4.txt
0,S16-SR-5.txt
0,S16-SR-39.txt
0,S16-SR-43.txt
0,S16-SR-52.txt
0,S16-SR-74.txt
0,S16-SR-78.txt
0,S16-SR-79.txt
0,S16-SR-90.txt
0,S16-SR-92.txt
1,S90-VT-135.txt
1,S90-VT-138.txt
1,S90-VT-155.txt
1,S90-VT-185.txt
0,S90-AFb-187.txt
0,S90-AFb-188.txt
0,S90-AFb-189.txt
0,S90-AFb-190.txt
0,S90-AFb-191.txt
0,S90-AFb-192.txt
0,S90-AFb-193.txt
0,S90-AFb-194.txt
0,S90-AFb-195.txt
0,S90-AFb-196.txt
0,S90-AFb-197.txt
0,S90-AFb-198.txt
0,S90-AFb-199.txt
0,S90-AFb-200.txt
0,S90-AFb-201.txt
0,S90-AFb-202.txt
0,S90-AFb-203.txt
0,S90-AFb-204.txt
0,S90-AFb-205.txt
0,S90-AFb-206.txt
0,S90-AFb-207.txt
0,S90-AFb-208.txt
0,S90-AFb-209.txt
0,S90-AFb-210.txt
0,S90-AFb-211.txt
0,S90-AFb-212.txt
0,S90-AFb-213.txt
0,S90-AFb-214.txt
0,S90-AFb-215.txt
0,S90-AFb-216.txt
0,S90-AFb-217.txt
0,S90-AFb-218.txt
0,S90-AFb-219.txt
0,S90-AFb-220.txt
0,S90-AFb-221.txt
0,S90-AFb-222.txt
0,S90-AFb-223.txt
0,S90-AFb-224.txt
0,S90-AFb-225.txt
0,S90-AFb-226.txt
0,S90-AFb-227.txt
0,S90-AFb-228.txt
0,S90-AFb-229.txt
0,S90-AFb-230.txt
0,S90-AFb-231.txt
0,S90-AFb-232.txt
0,S90-AFb-233.txt
0,S90-AFb-234.txt
0,S90-AFb-235.txt
0,S90-AFb-236.txt
0,S90-AFb-237.txt
0,S90-AFb-238.txt
0,S90-AFb-239.txt
0,S90-AFb-240.txt
0,S90-AFb-241.txt
0,S90-AFb-242.txt
0,S90-AFb-243.txt
0,S90-AFb-244.txt
0,S90-AFb-245.txt
0,S90-AFb-246.txt
0,S90-AFb-247.txt
0,S90-AFb-248.txt
0,S90-AFb-249.txt
0,S90-AFb-250.txt
0,S90-AFb-251.txt
0,S90-AFb-252.txt
0,S90-AFb-253.txt
0,S90-AFb-254.txt
0,S90-AFb-255.txt
0,S90-AFb-256.txt
0,S90-AFb-257.txt
0,S90-AFb-258.txt
0,S90-AFb-259.txt
0,S90-AFb-260.txt
0,S90-AFb-261.txt
0,S90-AFb-262.txt
0,S90-AFb-263.txt
0,S90-AFb-264.txt
0,S90-AFb-265.txt
0,S90-AFb-266.txt
0,S90-AFb-267.txt
0,S90-AFb-268.txt
0,S90-AFb-269.txt
0,S90-AFb-270.txt
0,S90-AFb-271.txt
0,S90-AFb-272.txt
0,S90-AFb-273.txt
0,S90-AFb-274.txt
0,S90-AFb-275.txt
0,S90-AFb-276.txt
0,S90-AFb-277.txt
0,S90-AFb-278.txt
0,S90-AFb-279.txt
0,S90-AFb-280.txt
0,S90-AFb-281.txt
0,S90-AFb-282.txt
0,S90-AFb-283.txt
0,S90-AFb-284.txt
0,S90-AFb-285.txt
0,S90-AFb-286.txt
0,S90-AFb-287.txt
0,S90-AFb-288.txt
0,S90-AFb-289.txt
0,S90-SR-292.txt
0,S90-SR-316.txt
0,S90-SR-321.txt
0,S90-SR-323.txt
0,S90-VPD-1.txt
0,S90-VPD-2.txt
0,S90-VPD-3.txt
0,S90-VPD-4.txt
0,S90-VPD-5.txt
0,S90-VPD-6.txt
0,S90-VPD-7.txt
0,S90-VPD-8.txt
0,S90-VPD-9.txt
0,S90-VPD-10.txt
0,S90-VPD-11.txt
0,S90-VPD-12.txt
0,S90-VPD-13.txt
0,S90-VPD-14.txt
0,S90-VPD-15.txt
0,S90-VPD-16.txt
0,S90-VPD-17.txt
0,S90-VPD-18.txt
0,S90-VPD-19.txt
0,S90-VPD-20.txt
0,S90-VPD-21.txt
0,S90-VPD-22.txt
0,S90-VPD-23.txt
0,S90-VPD-24.txt
0,S90-VPD-25.txt
0,S90-VPD-26.txt
0,S90-VPD-27.txt
0,S90-VPD-28.txt
0,S90-VPD-29.txt
0,S90-VPD-30.txt
0,S90-VPD-31.txt
0,S90-VPD-32.txt
0,S90-VPD-33.txt
0,S90-VPD-34.txt
0,S90-VPD-35.txt
0,S90-VPD-36.txt
0,S90-VPD-37.txt
0,S90-VPD-38.txt
0,S90-VPD-39.txt
0,S90-VPD-40.txt
0,S90-VPD-41.txt
0,S90-VPD-42.txt
0,S90-VPD-43.txt
0,S90-VPD-44.txt
0,S90-VPD-45.txt
0,S90-VPD-46.txt
0,S90-VPD-47.txt
0,S90-VPD-48.txt
0,S90-VPD-49.txt
0,S90-VPD-50.txt
0,S90-VPD-51.txt
0,S90-VPD-52.txt
0,S90-VPD-53.txt
0,S90-VPD-54.txt
0,S90-VPD-55.txt
0,S90-VPD-56.txt
0,S90-VPD-57.txt
0,S90-VPD-58.txt
0,S90-VPD-59.txt
0,S90-VPD-60.txt
0,S90-VPD-61.txt
0,S90-VPD-62.txt
0,S90-VPD-63.txt
0,S90-VPD-64.txt
0,S90-VPD-65.txt
0,S90-VPD-66.txt
0,S90-VPD-67.txt
0,S90-VPD-68.txt
0,S90-VPD-69.txt
0,S90-VPD-70.txt
0,S90-VPD-71.txt
0,S90-VPD-72.txt
0,S90-VPD-73.txt
0,S90-VPD-74.txt
0,S90-VPD-75.txt
0,S90-VPD-76.txt
0,S90-VPD-77.txt
0,S90-VPD-78.txt
0,S90-VPD-79.txt
0,S90-VPD-80.txt
0,S90-VPD-81.txt
0,S90-VPD-82.txt
0,S90-VPD-83.txt
0,S90-VPD-84.txt
0,S90-VPD-85.txt
0,S90-VPD-86.txt
0,S90-VPD-87.txt
0,S90-VPD-88.txt
0,S90-VPD-89.txt
0,S90-VPD-90.txt
0,S90-VPD-91.txt
0,S90-VPD-92.txt
0,S90-VPD-93.txt
0,S90-VPD-94.txt
0,S90-VPD-95.txt
0,S90-VPD-96.txt
0,S90-VPD-97.txt
0,S90-VPD-98.txt
0,S90-VPD-99.txt
0,S90-VPD-100.txt
0,S90-VPD-101.txt
0,S90-VPD-102.txt
0,S90-VPD-103.txt
0,S90-VPD-104.txt
0,S90-VPD-105.txt
0,S90-VPD-106.txt
0,S90-VPD-107.txt
0,S90-VPD-108.txt
0,S90-VPD-109.txt
0,S90-VPD-110.txt
0,S90-VPD-111.txt
0,S90-VPD-112.txt
0,S90-VPD-113.txt
0,S90-VPD-114.txt
0,S90-VPD-115.txt
0,S90-VPD-116.txt
0,S90-VPD-117.txt
0,S90-VPD-118.txt
0,S90-VPD-119.txt
0,S90-VPD-120.txt
0,S90-VPD-121.txt
0,S90-VPD-122.txt
0,S90-VPD-123.txt
0,S90-VPD-124.txt
0,S90-VPD-125.txt
0,S90-VPD-126.txt
0,S90-VPD-127.txt
0,S90-VPD-128.txt
0,S90-VPD-129.txt
0,S90-VPD-130.txt
1,S29-VT-153.txt
1,S29-VT-173.txt
1,S29-VT-180.txt
1,S29-VT-188.txt
1,S29-VT-199.txt
1,S29-VT-210.txt
1,S29-VT-216.txt
1,S29-VT-245.txt
1,S29-VT-248.txt
1,S29-VT-254.txt
1,S29-VT-257.txt
1,S29-VT-267.txt
1,S29-VT-270.txt
1,S29-VT-279.txt
1,S29-VT-286.txt
1,S29-VT-288.txt
1,S29-VT-296.txt
1,S29-VT-297.txt
1,S29-VT-300.txt
1,S29-VT-349.txt
1,S29-VT-355.txt
1,S29-VT-361.txt
1,S29-VT-364.txt
1,S29-VT-365.txt
1,S29-VT-368.txt
1,S29-VT-380.txt
1,S29-VT-394.txt
1,S29-VT-411.txt
1,S29-VT-435.txt
1,S29-VT-441.txt
0,S29-SR-20.txt
0,S29-SR-48.txt
0,S29-SR-49.txt
0,S29-SR-57.txt
0,S29-SR-79.txt
0,S29-SR-83.txt
0,S29-SR-99.txt
0,S29-SR-103.txt
0,S29-SR-113.txt
0,S29-SR-135.txt
1,S50-VT-50.txt
1,S50-VT-62.txt
1,S50-VT-77.txt
1,S50-VT-79.txt
1,S50-VT-85.txt
1,S50-VT-104.txt
1,S50-VT-112.txt
1,S50-VT-117.txt
1,S50-VT-132.txt
1,S50-VT-138.txt
1,S50-VT-146.txt
1,S50-VT-153.txt
1,S50-VT-221.txt
1,S50-VT-237.txt
1,S50-VT-242.txt
1,S50-VT-264.txt
1,S50-VT-269.txt
1,S50-VT-278.txt
1,S50-VT-281.txt
1,S50-VT-294.txt
1,S50-VT-299.txt
1,S50-VT-309.txt
1,S50-VT-313.txt
1,S50-VT-317.txt
0,S50-SR-3.txt
0,S50-SR-29.txt
0,S50-SR-36.txt
0,S50-SR-39.txt
0,S31-AFt-168.txt
0,S31-AFt-169.txt
0,S31-AFt-170.txt
0,S31-AFt-171.txt
0,S31-AFt-172.txt
0,S31-AFt-173.txt
0,S31-AFt-174.txt
0,S31-AFt-175.txt
0,S31-AFt-176.txt
0,S31-AFt-177.txt
0,S31-AFt-178.txt
0,S31-AFt-179.txt
0,S31-AFt-180.txt
0,S31-AFt-181.txt
0,S31-AFt-182.txt
0,S31-AFt-183.txt
0,S31-AFt-184.txt
0,S31-AFt-185.txt
0,S31-AFt-186.txt
0,S31-AFt-187.txt
0,S31-AFt-188.txt
0,S31-AFt-189.txt
0,S31-AFt-190.txt
0,S31-AFt-191.txt
0,S31-AFt-192.txt
0,S31-AFt-193.txt
0,S31-AFt-194.txt
0,S31-AFt-195.txt
0,S31-AFt-196.txt
0,S31-AFt-197.txt
0,S31-AFt-198.txt
0,S31-AFt-199.txt
0,S31-AFt-200.txt
0,S31-AFt-201.txt
0,S31-AFt-202.txt
0,S31-AFt-203.txt
0,S31-AFt-204.txt
0,S31-AFt-205.txt
0,S31-AFt-206.txt
0,S31-AFt-207.txt
0,S31-SR-8.txt
0,S31-SR-14.txt
0,S31-SR-20.txt
0,S31-SR-23.txt
0,S31-SR-29.txt
0,S31-SR-31.txt
0,S31-SR-49.txt
0,S31-SR-59.txt
0,S31-SR-66.txt
0,S31-SR-76.txt
0,S31-SR-80.txt
0,S31-SR-84.txt
0,S31-SR-85.txt
0,S31-SR-87.txt
0,S31-SR-95.txt
0,S31-SR-98.txt
0,S31-SR-106.txt
0,S31-SR-110.txt
0,S31-SR-111.txt
0,S31-SR-116.txt
0,S31-SR-118.txt
0,S31-SR-131.txt
0,S31-SR-143.txt
0,S31-SR-162.txt
0,S91-AFt-120.txt
0,S91-AFt-121.txt
0,S91-AFt-122.txt
0,S91-AFt-123.txt
0,S91-AFt-124.txt
0,S91-AFt-125.txt
0,S91-AFt-126.txt
0,S91-AFt-127.txt
0,S91-AFt-128.txt
0,S91-AFt-129.txt
0,S91-AFt-130.txt
0,S91-AFt-131.txt
0,S91-AFt-132.txt
0,S91-AFt-133.txt
0,S91-AFt-134.txt
0,S91-AFt-135.txt
0,S91-AFt-136.txt
0,S91-AFt-137.txt
0,S91-AFt-138.txt
0,S91-AFt-139.txt
0,S91-AFt-140.txt
0,S91-AFt-141.txt
0,S91-AFt-142.txt
0,S91-AFt-143.txt
0,S91-AFt-144.txt
0,S91-AFt-145.txt
0,S91-AFt-146.txt
0,S91-AFt-147.txt
0,S91-AFt-148.txt
0,S91-AFt-149.txt
0,S91-AFt-150.txt
0,S91-AFt-151.txt
0,S91-AFt-152.txt
0,S91-AFt-153.txt
0,S91-AFt-154.txt
0,S91-AFt-155.txt
0,S91-AFt-156.txt
0,S91-AFt-157.txt
0,S91-AFt-158.txt
0,S91-AFt-159.txt
0,S91-AFt-160.txt
0,S91-AFt-161.txt
0,S91-AFt-162.txt
0,S91-AFt-163.txt
0,S91-AFt-164.txt
0,S91-AFt-165.txt
0,S91-AFt-166.txt
0,S91-AFt-167.txt
0,S91-AFt-168.txt
0,S91-AFt-169.txt
0,S91-AFt-170.txt
0,S91-AFt-171.txt
0,S91-AFt-172.txt
0,S91-AFt-173.txt
0,S91-AFt-174.txt
0,S91-AFt-175.txt
0,S91-AFt-176.txt
0,S91-AFt-177.txt
0,S91-AFt-178.txt
0,S91-AFt-179.txt
0,S91-AFt-180.txt
0,S91-AFt-181.txt
0,S91-AFt-182.txt
0,S91-AFt-183.txt
0,S91-AFt-184.txt
0,S91-AFt-185.txt
0,S91-AFt-186.txt
0,S91-AFt-187.txt
0,S91-AFt-188.txt
0,S91-AFt-189.txt
0,S91-AFt-190.txt
0,S91-AFt-191.txt
0,S91-AFt-192.txt
0,S91-AFt-193.txt
0,S91-AFt-194.txt
0,S91-AFt-195.txt
0,S91-AFt-196.txt
0,S91-AFt-197.txt
0,S91-AFt-198.txt
0,S91-AFt-199.txt
0,S91-AFt-200.txt
0,S91-AFt-201.txt
0,S91-AFt-202.txt
0,S91-AFt-203.txt
0,S91-AFt-204.txt
0,S91-AFt-205.txt
0,S91-AFt-206.txt
0,S91-AFt-207.txt
0,S91-AFt-208.txt
0,S91-AFt-209.txt
0,S91-AFt-210.txt
0,S91-AFt-211.txt
0,S91-AFt-212.txt
0,S91-AFt-213.txt
0,S91-AFt-214.txt
0,S91-AFt-215.txt
0,S91-AFt-216.txt
0,S91-AFt-217.txt
0,S91-AFt-218.txt
0,S91-AFt-219.txt
0,S91-AFt-220.txt
0,S91-AFt-221.txt
0,S91-AFt-222.txt
0,S91-AFt-223.txt
0,S91-AFt-224.txt
0,S91-AFt-225.txt
0,S91-AFt-226.txt
0,S91-AFt-227.txt
0,S91-AFt-228.txt
0,S91-AFt-229.txt
0,S91-AFt-230.txt
0,S91-AFt-231.txt
0,S91-AFt-232.txt
0,S91-AFt-233.txt
0,S91-AFt-234.txt
0,S91-AFt-235.txt
0,S91-AFt-236.txt
0,S91-AFt-237.txt
0,S91-AFt-238.txt
0,S91-AFt-239.txt
0,S91-AFt-240.txt
0,S91-AFt-241.txt
0,S91-AFt-242.txt
0,S91-AFt-243.txt
0,S91-AFt-244.txt
0,S91-AFt-245.txt
0,S91-AFt-246.txt
0,S91-AFt-247.txt
0,S91-AFt-248.txt
0,S91-AFt-249.txt
0,S91-AFt-250.txt
0,S91-AFt-251.txt
0,S91-AFt-252.txt
0,S91-AFt-253.txt
0,S91-AFt-254.txt
0,S91-AFt-255.txt
0,S91-AFt-256.txt
0,S91-AFt-257.txt
0,S91-AFt-258.txt
0,S91-AFt-259.txt
0,S91-AFt-260.txt
0,S91-AFt-261.txt
0,S91-AFt-262.txt
0,S91-AFt-263.txt
0,S91-AFt-264.txt
0,S91-AFt-265.txt
0,S91-AFt-266.txt
0,S91-AFt-267.txt
0,S91-AFt-268.txt
0,S91-AFt-269.txt
0,S91-AFt-270.txt
0,S91-AFt-271.txt
0,S91-AFt-272.txt
0,S91-AFt-273.txt
0,S91-AFt-274.txt
0,S91-AFt-275.txt
0,S91-AFt-276.txt
0,S91-AFt-277.txt
0,S91-AFt-278.txt
0,S91-AFt-279.txt
0,S91-AFt-280.txt
0,S91-AFt-281.txt
0,S91-AFt-282.txt
0,S91-AFt-283.txt
0,S91-AFt-284.txt
0,S91-AFt-285.txt
0,S91-AFt-286.txt
0,S91-AFt-287.txt
0,S91-AFt-288.txt
0,S91-AFt-289.txt
0,S91-AFt-290.txt
0,S91-AFt-291.txt
0,S91-AFt-292.txt
0,S91-AFt-293.txt
0,S91-AFt-294.txt
0,S91-AFt-295.txt
0,S91-AFt-296.txt
0,S91-AFt-297.txt
0,S91-AFt-298.txt
0,S91-AFt-299.txt
0,S91-AFt-300.txt
0,S91-AFt-301.txt
0,S91-AFt-302.txt
0,S91-SR-2.txt
0,S91-SR-9.txt
0,S91-SR-11.txt
0,S91-SR-14.txt
0,S91-SR-31.txt
0,S91-SR-36.txt
0,S91-SR-39.txt
0,S91-SR-46.txt
0,S91-SR-57.txt
0,S91-SR-69.txt
0,S91-SR-86.txt
0,S91-SR-95.txt
0,S91-SR-99.txt
1,S46-VT-207.txt
1,S46-VT-209.txt
1,S46-VT-212.txt
1,S46-VT-234.txt
1,S46-VT-237.txt
1,S46-VT-241.txt
1,S46-VT-269.txt
1,S46-VT-276.txt
1,S46-VT-281.txt
1,S46-VT-290.txt
1,S46-VT-294.txt
1,S46-VT-297.txt
1,S46-VT-303.txt
1,S46-VT-321.txt
1,S46-VT-325.txt
1,S46-VT-507.txt
1,S46-VT-508.txt
1,S46-VT-509.txt
1,S46-VT-515.txt
1,S46-VT-516.txt
1,S46-VT-520.txt
1,S46-VT-525.txt
1,S46-VT-535.txt
1,S46-VT-538.txt
1,S46-VT-547.txt
1,S46-VT-577.txt
1,S46-VT-580.txt
1,S46-VT-581.txt
0,S46-SR-10.txt
0,S46-SR-14.txt
0,S46-SR-21.txt
0,S46-SR-24.txt
0,S46-SR-48.txt
0,S46-SR-57.txt
0,S46-SR-65.txt
0,S46-SR-94.txt
0,S46-SR-95.txt
0,S46-SR-96.txt
0,S46-SR-104.txt
0,S46-SR-114.txt
0,S46-SR-115.txt
0,S46-SR-128.txt
0,S46-SR-129.txt
0,S46-SR-133.txt
0,S46-SR-147.txt
0,S46-SR-152.txt
0,S46-SR-245.txt
0,S46-SR-250.txt
0,S46-SR-332.txt
0,S46-SR-344.txt
0,S46-SR-360.txt
0,S46-SR-376.txt
0,S46-SR-386.txt
0,S46-SR-406.txt
0,S46-SR-410.txt
0,S46-SR-447.txt
0,S46-SR-455.txt
0,S46-SR-481.txt
0,S46-SR-487.txt
1,S45-VFb-205.txt
1,S45-VFb-206.txt
1,S45-VFb-207.txt
1,S45-VFb-208.txt
1,S45-VFb-209.txt
1,S45-VFb-210.txt
1,S45-VFb-211.txt
1,S45-VFb-212.txt
1,S45-VFb-213.txt
1,S45-VFb-214.txt
1,S45-VFb-215.txt
1,S45-VFb-216.txt
1,S45-VFb-217.txt
1,S45-VFb-218.txt
1,S45-VFb-219.txt
1,S45-VFb-220.txt
1,S45-VFb-221.txt
1,S45-VFb-222.txt
1,S45-VFb-223.txt
1,S45-VFb-224.txt
1,S45-VFb-225.txt
1,S45-VFb-226.txt
1,S45-VFb-227.txt
1,S45-VFb-228.txt
1,S45-VFb-229.txt
1,S45-VFb-230.txt
1,S45-VFb-231.txt
1,S45-VFb-232.txt
1,S45-VFb-233.txt
1,S45-VFb-234.txt
1,S45-VFb-235.txt
1,S45-VFb-236.txt
1,S45-VFb-237.txt
1,S45-VFb-238.txt
1,S45-VFb-239.txt
1,S45-VFb-240.txt
1,S45-VFb-241.txt
1,S45-VFb-242.txt
1,S45-VFb-243.txt
1,S45-VFb-244.txt
1,S45-VFb-245.txt
1,S45-VFb-246.txt
1,S45-VFb-247.txt
1,S45-VFb-248.txt
1,S45-VFb-249.txt
1,S45-VFb-250.txt
1,S45-VFb-251.txt
1,S45-VFb-252.txt
1,S45-VFb-253.txt
1,S45-VFb-254.txt
1,S45-VFb-255.txt
1,S45-VFb-256.txt
1,S45-VFb-257.txt
1,S45-VFb-258.txt
1,S45-VFb-259.txt
1,S45-VFb-260.txt
1,S45-VFb-261.txt
1,S45-VFb-262.txt
1,S45-VFb-263.txt
1,S45-VFb-264.txt
1,S45-VFb-265.txt
1,S45-VFb-266.txt
1,S45-VFb-267.txt
1,S45-VFb-268.txt
1,S45-VFb-269.txt
1,S45-VFb-270.txt
1,S45-VFb-271.txt
1,S45-VFb-272.txt
1,S45-VFb-273.txt
1,S45-VFb-274.txt
1,S45-VFb-275.txt
1,S45-VFb-276.txt
1,S45-VFb-277.txt
1,S45-VFb-278.txt
1,S45-VFb-279.txt
1,S45-VFb-280.txt
1,S45-VFb-281.txt
1,S45-VFb-282.txt
1,S45-VFb-283.txt
1,S45-VFb-284.txt
1,S45-VFb-285.txt
1,S45-VFb-286.txt
1,S45-VFb-287.txt
1,S45-VFb-288.txt
1,S45-VFb-289.txt
1,S45-VFb-290.txt
1,S45-VFb-291.txt
1,S45-VFb-292.txt
1,S45-VFb-293.txt
1,S45-VFb-294.txt
1,S45-VFb-295.txt
1,S45-VFb-296.txt
1,S45-VFb-297.txt
1,S45-VFb-298.txt
1,S45-VFb-299.txt
1,S45-VFb-300.txt
0,S45-VPD-1.txt
0,S45-VPD-2.txt
0,S45-VPD-3.txt
0,S45-VPD-4.txt
0,S45-VPD-5.txt
0,S45-VPD-6.txt
0,S45-VPD-7.txt
0,S45-VPD-8.txt
0,S45-VPD-9.txt
0,S45-VPD-10.txt
0,S45-VPD-11.txt
0,S45-VPD-12.txt
0,S45-VPD-13.txt
0,S45-VPD-14.txt
0,S45-VPD-15.txt
0,S45-VPD-16.txt
0,S45-VPD-17.txt
0,S45-VPD-18.txt
0,S45-VPD-19.txt
0,S45-VPD-20.txt
0,S45-VPD-21.txt
0,S45-VPD-22.txt
0,S45-VPD-23.txt
0,S45-VPD-24.txt
0,S45-VPD-25.txt
0,S45-VPD-26.txt
0,S45-VPD-27.txt
0,S45-VPD-28.txt
0,S45-VPD-29.txt
0,S45-VPD-30.txt
0,S45-VPD-31.txt
0,S45-VPD-32.txt
0,S45-VPD-33.txt
0,S45-VPD-34.txt
0,S45-VPD-35.txt
0,S45-VPD-36.txt
0,S45-VPD-37.txt
0,S45-VPD-38.txt
0,S45-VPD-39.txt
0,S45-VPD-40.txt
0,S45-VPD-41.txt
0,S45-VPD-42.txt
0,S45-VPD-43.txt
0,S45-VPD-44.txt
0,S45-VPD-45.txt
0,S45-VPD-46.txt
0,S45-VPD-47.txt
0,S45-VPD-48.txt
0,S45-VPD-49.txt
0,S45-VPD-50.txt
0,S45-VPD-51.txt
0,S45-VPD-52.txt
0,S45-VPD-53.txt
0,S45-VPD-54.txt
0,S45-VPD-55.txt
0,S45-VPD-56.txt
0,S45-VPD-57.txt
0,S45-VPD-58.txt
0,S45-VPD-59.txt
0,S45-VPD-60.txt
0,S45-VPD-61.txt
0,S45-VPD-62.txt
0,S45-VPD-63.txt
0,S45-VPD-64.txt
0,S45-VPD-65.txt
0,S45-VPD-66.txt
0,S45-VPD-67.txt
0,S45-VPD-68.txt
0,S45-VPD-69.txt
0,S45-VPD-70.txt
0,S45-VPD-71.txt
0,S45-VPD-72.txt
0,S45-VPD-73.txt
0,S45-VPD-74.txt
0,S45-VPD-75.txt
0,S45-VPD-76.txt
0,S45-VPD-77.txt
0,S45-VPD-78.txt
0,S45-VPD-79.txt
0,S45-VPD-80.txt
0,S45-VPD-81.txt
0,S45-VPD-82.txt
0,S45-VPD-83.txt
0,S45-VPD-84.txt
0,S45-VPD-85.txt
0,S45-VPD-86.txt
0,S45-VPD-87.txt
0,S45-VPD-88.txt
0,S45-VPD-89.txt
0,S45-VPD-90.txt
0,S45-VPD-91.txt
0,S45-VPD-92.txt
0,S45-VPD-93.txt
0,S45-VPD-94.txt
0,S45-VPD-95.txt
0,S45-VPD-96.txt
0,S45-VPD-97.txt
0,S45-VPD-98.txt
0,S45-VPD-99.txt
0,S45-VPD-100.txt
0,S45-VPD-101.txt
0,S45-VPD-102.txt
0,S45-VPD-103.txt
0,S45-VPD-104.txt
0,S45-VPD-105.txt
0,S45-VPD-106.txt
0,S45-VPD-107.txt
0,S45-VPD-108.txt
0,S45-VPD-109.txt
0,S45-VPD-110.txt
0,S45-VPD-111.txt
0,S45-VPD-112.txt
0,S45-VPD-113.txt
0,S45-VPD-114.txt
0,S45-VPD-115.txt
0,S45-VPD-116.txt
0,S45-VPD-117.txt
0,S45-VPD-118.txt
0,S45-VPD-119.txt
0,S45-VPD-120.txt
0,S45-VPD-121.txt
0,S45-VPD-122.txt
0,S45-VPD-123.txt
0,S45-VPD-124.txt
0,S45-VPD-125.txt
0,S45-VPD-126.txt
0,S45-VPD-127.txt
0,S45-VPD-128.txt
0,S45-VPD-129.txt
0,S45-VPD-130.txt
0,S45-VPD-131.txt
0,S45-VPD-132.txt
0,S45-VPD-133.txt
0,S45-VPD-134.txt
0,S45-VPD-135.txt
0,S45-VPD-136.txt
0,S45-VPD-137.txt
0,S45-VPD-138.txt
0,S45-VPD-139.txt
0,S45-VPD-140.txt
0,S45-VPD-141.txt
0,S45-VPD-142.txt
0,S45-VPD-143.txt
0,S45-VPD-144.txt
0,S45-VPD-145.txt
0,S45-VPD-146.txt
0,S45-VPD-147.txt
0,S45-VPD-148.txt
0,S45-VPD-149.txt
0,S45-VPD-150.txt
0,S45-VPD-151.txt
0,S45-VPD-152.txt
0,S45-VPD-153.txt
0,S45-VPD-154.txt
0,S45-VPD-155.txt
0,S45-VPD-156.txt
0,S45-VPD-157.txt
0,S45-VPD-158.txt
0,S45-VPD-159.txt
0,S45-VPD-160.txt
0,S45-VPD-161.txt
0,S45-VPD-162.txt
0,S45-VPD-163.txt
0,S45-VPD-164.txt
0,S45-VPD-165.txt
0,S45-VPD-166.txt
0,S45-VPD-167.txt
0,S45-VPD-168.txt
0,S45-VPD-169.txt
0,S45-VPD-170.txt
0,S45-VPD-171.txt
0,S45-VPD-172.txt
0,S45-VPD-173.txt
0,S45-VPD-174.txt
0,S45-VPD-175.txt
0,S45-VPD-176.txt
0,S45-VPD-177.txt
0,S45-VPD-178.txt
0,S45-VPD-179.txt
0,S45-VPD-180.txt
0,S45-VPD-181.txt
0,S45-VPD-182.txt
0,S45-VPD-183.txt
0,S45-VPD-184.txt
0,S45-VPD-185.txt
0,S45-VPD-186.txt
0,S45-VPD-187.txt
0,S45-VPD-188.txt
0,S45-VPD-189.txt
0,S45-VPD-190.txt
0,S45-VPD-191.txt
0,S45-VPD-192.txt
0,S45-VPD-193.txt
0,S45-VPD-194.txt
0,S45-VPD-195.txt
0,S45-VPD-196.txt
0,S45-VPD-197.txt
0,S45-VPD-198.txt
0,S45-VPD-199.txt
0,S45-VPD-200.txt
0,S45-VPD-201.txt
0,S45-VPD-202.txt
0,S45-VPD-203.txt
0,S45-VPD-204.txt
1,S81-VT-139.txt
1,S81-VT-148.txt
1,S81-VT-155.txt
1,S81-VT-157.txt
1,S81-VT-158.txt
1,S81-VT-163.txt
1,S81-VT-172.txt
1,S81-VT-179.txt
1,S81-VT-188.txt
1,S81-VT-194.txt
1,S81-VT-202.txt
1,S81-VT-209.txt
1,S81-VT-217.txt
1,S81-VT-224.txt
1,S81-VT-240.txt
1,S81-VT-253.txt
1,S81-VT-271.txt
1,S81-VT-286.txt
1,S81-VT-288.txt
1,S81-VT-290.txt
1,S81-VT-306.txt
1,S81-VT-307.txt
1,S81-VT-315.txt
1,S81-VT-343.txt
1,S81-VT-345.txt
1,S81-VT-354.txt
1,S81-VT-358.txt
1,S81-VT-382.txt
1,S81-VT-384.txt
1,S81-VT-386.txt
1,S81-VT-395.txt
1,S81-VT-409.txt
1,S81-VT-427.txt
1,S81-VT-438.txt
1,S81-VT-450.txt
1,S81-VT-459.txt
1,S81-VT-470.txt
1,S81-VT-471.txt
1,S81-VT-473.txt
1,S81-VT-486.txt
1,S81-VT-489.txt
1,S81-VT-492.txt
1,S81-VT-498.txt
1,S81-VT-513.txt
1,S81-VT-521.txt
1,S81-VT-527.txt
1,S81-VT-531.txt
1,S81-VT-537.txt
1,S81-VT-540.txt
1,S81-VT-574.txt
1,S81-VT-575.txt
1,S81-VT-580.txt
1,S81-VT-590.txt
1,S81-VT-597.txt
1,S81-VT-604.txt
1,S81-VT-606.txt
1,S81-VT-611.txt
1,S81-VT-617.txt
1,S81-VT-620.txt
1,S81-VT-626.txt
1,S81-VT-700.txt
1,S81-VT-711.txt
1,S81-VT-755.txt
1,S81-VT-757.txt
1,S81-VT-764.txt
1,S81-VT-768.txt
0,S81-SR-643.txt
0,S81-SR-660.txt
0,S81-VPD-1.txt
0,S81-VPD-2.txt
0,S81-VPD-3.txt
0,S81-VPD-4.txt
0,S81-VPD-5.txt
0,S81-VPD-6.txt
0,S81-VPD-7.txt
0,S81-VPD-8.txt
0,S81-VPD-9.txt
0,S81-VPD-10.txt
0,S81-VPD-11.txt
0,S81-VPD-12.txt
0,S81-VPD-13.txt
0,S81-VPD-14.txt
0,S81-VPD-15.txt
0,S81-VPD-16.txt
0,S81-VPD-17.txt
0,S81-VPD-18.txt
0,S81-VPD-19.txt
0,S81-VPD-20.txt
0,S81-VPD-21.txt
0,S81-VPD-22.txt
0,S81-VPD-23.txt
0,S81-VPD-24.txt
0,S81-VPD-25.txt
0,S81-VPD-26.txt
0,S81-VPD-27.txt
0,S81-VPD-28.txt
0,S81-VPD-29.txt
0,S81-VPD-30.txt
0,S81-VPD-31.txt
0,S81-VPD-32.txt
0,S81-VPD-33.txt
0,S81-VPD-34.txt
0,S81-VPD-35.txt
0,S81-VPD-36.txt
0,S81-VPD-37.txt
0,S81-VPD-38.txt
0,S81-VPD-39.txt
0,S81-VPD-40.txt
0,S81-VPD-41.txt
0,S81-VPD-42.txt
0,S81-VPD-43.txt
0,S81-VPD-44.txt
0,S81-VPD-45.txt
0,S81-VPD-46.txt
0,S81-VPD-47.txt
0,S81-VPD-48.txt
0,S81-VPD-49.txt
0,S81-VPD-50.txt
0,S81-VPD-51.txt
0,S81-VPD-52.txt
0,S81-VPD-53.txt
0,S81-VPD-54.txt
0,S81-VPD-55.txt
0,S81-VPD-56.txt
0,S81-VPD-57.txt
0,S81-VPD-58.txt
0,S81-VPD-59.txt
0,S81-VPD-60.txt
0,S81-VPD-61.txt
0,S81-VPD-62.txt
0,S81-VPD-63.txt
0,S81-VPD-64.txt
0,S81-VPD-65.txt
0,S81-VPD-66.txt
0,S81-VPD-67.txt
0,S81-VPD-68.txt
0,S81-VPD-69.txt
0,S81-VPD-70.txt
0,S81-VPD-71.txt
0,S81-VPD-72.txt
0,S81-VPD-73.txt
0,S81-VPD-74.txt
0,S81-VPD-75.txt
0,S81-VPD-76.txt
0,S81-VPD-77.txt
0,S81-VPD-78.txt
0,S81-VPD-79.txt
0,S81-VPD-80.txt
0,S81-VPD-81.txt
0,S81-VPD-82.txt
0,S81-VPD-83.txt
0,S81-VPD-84.txt
0,S81-VPD-85.txt
0,S81-VPD-86.txt
0,S81-VPD-87.txt
0,S81-VPD-88.txt
0,S81-VPD-89.txt
0,S81-VPD-90.txt
0,S81-VPD-91.txt
0,S81-VPD-92.txt
0,S81-VPD-93.txt
0,S81-VPD-94.txt
0,S81-VPD-95.txt
0,S81-VPD-96.txt
0,S81-VPD-97.txt
0,S81-VPD-98.txt
0,S81-VPD-99.txt
0,S81-VPD-100.txt
0,S81-VPD-101.txt
0,S81-VPD-102.txt
0,S81-VPD-103.txt
0,S81-VPD-104.txt
0,S81-VPD-105.txt
0,S81-VPD-106.txt
0,S81-VPD-107.txt
0,S81-VPD-108.txt
0,S81-VPD-109.txt
0,S81-VPD-110.txt
0,S81-VPD-111.txt
0,S81-VPD-112.txt
0,S81-VPD-113.txt
0,S81-VPD-114.txt
0,S81-VPD-115.txt
0,S81-VPD-116.txt
0,S81-VPD-117.txt
0,S81-VPD-118.txt
0,S81-VPD-119.txt
0,S81-VPD-120.txt
0,S81-VPD-121.txt
0,S81-VPD-122.txt
0,S81-VPD-123.txt
0,S81-VPD-124.txt
0,S81-VPD-125.txt
0,S81-VPD-126.txt
0,S81-VPD-127.txt
0,S81-VPD-128.txt
0,S81-VPD-129.txt
0,S81-VPD-130.txt
0,S81-VPD-131.txt
0,S81-VPD-132.txt
0,S81-VPD-133.txt
0,S81-VPD-134.txt
0,S81-VPD-135.txt
0,S81-VPD-136.txt
0,S81-VPD-137.txt
0,S81-VPD-138.txt
1,S88-VT-156.txt
1,S88-VT-183.txt
1,S88-VT-204.txt
1,S88-VT-208.txt
1,S88-VT-215.txt
1,S88-VT-228.txt
1,S88-VT-244.txt
1,S88-VT-250.txt
1,S88-VT-271.txt
1,S88-VT-282.txt
1,S88-VT-288.txt
1,S88-VT-295.txt
1,S88-VT-300.txt
1,S88-VT-305.txt
1,S88-VT-308.txt
1,S88-VT-310.txt
1,S88-VT-331.txt
1,S88-VT-338.txt
1,S88-VT-339.txt
1,S88-VT-356.txt
1,S88-VT-360.txt
1,S88-VT-369.txt
0,S88-SR-4.txt
0,S88-SR-11.txt
0,S88-SR-20.txt
0,S88-SR-24.txt
0,S88-SR-41.txt
0,S88-SR-45.txt
0,S88-SR-53.txt
0,S88-SR-58.txt
0,S88-SR-73.txt
0,S88-SR-83.txt
0,S88-SR-105.txt
0,S88-SR-109.txt
0,S88-SR-110.txt
0,S88-SR-113.txt
0,S88-SR-122.txt
0,S88-SR-138.txt
1,S32-VFb-139.txt
1,S32-VFb-140.txt
1,S32-VFb-141.txt
1,S32-VFb-142.txt
1,S32-VFb-143.txt
1,S32-VFb-144.txt
1,S32-VFb-145.txt
1,S32-VFb-146.txt
1,S32-VFb-147.txt
1,S32-VFb-148.txt
1,S32-VFb-149.txt
1,S32-VFb-150.txt
1,S32-VFb-151.txt
1,S32-VFb-152.txt
1,S32-VFb-153.txt
1,S32-VFb-154.txt
1,S32-VFb-155.txt
1,S32-VFb-156.txt
1,S32-VFb-157.txt
1,S32-VFb-158.txt
1,S32-VFb-159.txt
1,S32-VFb-160.txt
1,S32-VFb-161.txt
1,S32-VFb-162.txt
1,S32-VFb-163.txt
1,S32-VFb-164.txt
1,S32-VFb-165.txt
1,S32-VFb-166.txt
1,S32-VFb-167.txt
1,S32-VFb-168.txt
1,S32-VFb-169.txt
1,S32-VFb-170.txt
1,S32-VFb-171.txt
1,S32-VFb-172.txt
1,S32-VFb-173.txt
1,S32-VFb-174.txt
0,S32-SR-22.txt
0,S32-SR-36.txt
0,S32-SR-48.txt
0,S32-SR-50.txt
0,S32-SR-54.txt
0,S32-SR-65.txt
0,S32-SR-66.txt
0,S32-SR-78.txt
0,S32-SR-86.txt
0,S32-SR-93.txt
0,S32-SR-122.txt
0,S32-SR-123.txt
1,S25-VT-199.txt
1,S25-VT-201.txt
1,S25-VT-202.txt
1,S25-VT-233.txt
1,S25-VT-234.txt
1,S25-VT-240.txt
1,S25-VT-241.txt
1,S25-VT-247.txt
1,S25-VT-263.txt
1,S25-VT-265.txt
1,S25-VT-282.txt
1,S25-VT-284.txt
1,S25-VT-295.txt
1,S25-VT-299.txt
1,S25-VT-307.txt
1,S25-VT-319.txt
1,S25-VT-321.txt
1,S25-VT-325.txt
1,S25-VT-329.txt
1,S25-VT-348.txt
1,S25-VT-366.txt
1,S25-VT-374.txt
1,S25-VT-379.txt
1,S25-VT-392.txt
1,S25-VT-393.txt
1,S25-VT-425.txt
1,S25-VT-426.txt
1,S25-VT-445.txt
1,S25-VT-452.txt
1,S25-VT-457.txt
1,S25-VT-461.txt
1,S25-VT-475.txt
1,S25-VT-477.txt
1,S25-VT-484.txt
1,S25-VT-489.txt
1,S25-VT-495.txt
1,S25-VT-509.txt
1,S25-VT-530.txt
0,S25-SR-17.txt
0,S25-SR-37.txt
0,S25-SR-38.txt
0,S25-SR-51.txt
0,S25-SR-53.txt
0,S25-SR-57.txt
0,S25-SR-64.txt
0,S25-SR-72.txt
0,S25-SR-88.txt
0,S25-SR-101.txt
0,S25-SR-107.txt
0,S25-SR-111.txt
0,S25-SR-117.txt
0,S25-SR-131.txt
0,S25-SR-133.txt
0,S25-SR-135.txt
0,S25-SR-159.txt
0,S10-SR-14.txt
0,S10-SR-16.txt
0,S10-SR-19.txt
0,S10-SR-20.txt
0,S10-SR-32.txt
0,S10-SR-40.txt
0,S10-SR-50.txt
0,S10-SR-53.txt
0,S10-SR-65.txt
0,S10-SR-67.txt
0,S10-SR-91.txt
0,S10-SR-98.txt
0,S10-SR-102.txt
0,S10-SR-109.txt
0,S10-SR-119.txt
0,S10-SR-222.txt
0,S10-SR-238.txt
0,S10-SR-247.txt
0,S10-SR-262.txt
0,S10-SR-265.txt
0,S10-SR-267.txt
0,S10-SR-274.txt
0,S10-SR-276.txt
0,S10-SR-277.txt
0,S10-SR-280.txt
0,S10-SR-282.txt
0,S10-SR-297.txt
0,S10-SR-306.txt
0,S10-SR-307.txt
0,S10-SR-352.txt
0,S10-SR-353.txt
0,S10-SR-362.txt
0,S10-SR-371.txt
0,S10-SR-377.txt
0,S10-SR-386.txt
0,S10-SR-395.txt
0,S10-SR-396.txt
0,S10-SR-402.txt
0,S10-SR-409.txt
0,S10-SR-413.txt
0,S10-SR-414.txt
0,S10-SR-427.txt
0,S10-SR-433.txt
0,S10-SR-450.txt
0,S10-SVT-146.txt
0,S10-SVT-147.txt
0,S10-SVT-148.txt
0,S10-SVT-149.txt
0,S10-SVT-150.txt
0,S10-SVT-151.txt
0,S10-SVT-152.txt
0,S10-SVT-153.txt
0,S10-SVT-154.txt
0,S10-SVT-155.txt
0,S10-SVT-156.txt
0,S10-SVT-157.txt
0,S10-SVT-158.txt
0,S10-SVT-159.txt
0,S10-SVT-160.txt
0,S10-SVT-161.txt
0,S10-SVT-162.txt
0,S10-SVT-163.txt
0,S10-SVT-164.txt
0,S10-SVT-165.txt
0,S10-SVT-166.txt
0,S10-SVT-167.txt
0,S10-SVT-168.txt
0,S10-SVT-169.txt
0,S10-SVT-170.txt
0,S10-SVT-171.txt
0,S10-SVT-172.txt
0,S10-SVT-173.txt
0,S10-SVT-174.txt
0,S10-SVT-175.txt
0,S10-SVT-176.txt
0,S10-SVT-177.txt
0,S10-SVT-178.txt
0,S10-SVT-179.txt
0,S10-SVT-180.txt
0,S10-SVT-181.txt
0,S10-SVT-182.txt
0,S10-SVT-183.txt
0,S10-SVT-184.txt
0,S10-SVT-185.txt
0,S10-SVT-186.txt
0,S10-SVT-187.txt
0,S10-SVT-188.txt
0,S10-SVT-189.txt
0,S10-SVT-190.txt
0,S10-SVT-191.txt
0,S10-SVT-192.txt
0,S10-SVT-193.txt
0,S10-SVT-194.txt
0,S10-SVT-195.txt
0,S10-SVT-196.txt
0,S10-SVT-197.txt
0,S10-SVT-198.txt
0,S10-SVT-199.txt
0,S10-SVT-200.txt
0,S10-SVT-201.txt
0,S10-SVT-202.txt
0,S10-SVT-203.txt
0,S10-SVT-204.txt
0,S10-SVT-205.txt
0,S10-SVT-206.txt
1,S72-VT-102.txt
1,S72-VT-103.txt
1,S72-VT-123.txt
1,S72-VT-147.txt
1,S72-VT-154.txt
1,S72-VT-165.txt
1,S72-VT-167.txt
1,S72-VT-187.txt
1,S72-VT-189.txt
1,S72-VT-202.txt
1,S72-VT-213.txt
1,S72-VT-221.txt
1,S72-VT-232.txt
1,S72-VT-233.txt
1,S72-VT-252.txt
1,S72-VT-253.txt
1,S72-VT-263.txt
1,S72-VT-266.txt
1,S72-VT-282.txt
1,S72-VT-300.txt
1,S72-VT-329.txt
1,S72-VT-330.txt
1,S72-VT-334.txt
1,S72-VT-339.txt
1,S72-VT-344.txt
1,S72-VT-346.txt
1,S72-VT-350.txt
0,S72-SR-18.txt
0,S72-SR-44.txt
0,S72-SR-52.txt
0,S72-SR-59.txt
0,S72-SR-63.txt
0,S72-SR-68.txt
0,S72-SR-71.txt
0,S72-SR-81.txt
0,S72-SR-82.txt
0,S72-SR-272.txt
1,S71-VT-76.txt
1,S71-VT-84.txt
1,S71-VT-103.txt
1,S71-VT-119.txt
1,S71-VT-122.txt
1,S71-VT-127.txt
1,S71-VT-153.txt
1,S71-VT-162.txt
1,S71-VT-170.txt
1,S71-VT-171.txt
1,S71-VT-174.txt
1,S71-VT-177.txt
1,S71-VT-186.txt
1,S71-VT-189.txt
1,S71-VT-203.txt
1,S71-VT-206.txt
1,S71-VT-215.txt
1,S71-VT-220.txt
1,S71-VT-222.txt
1,S71-VT-224.txt
1,S71-VT-226.txt
1,S71-VT-228.txt
1,S71-VT-258.txt
1,S71-VT-265.txt
1,S71-VT-284.txt
1,S71-VT-290.txt
1,S71-VT-304.txt
1,S71-VT-307.txt
1,S71-VT-328.txt
1,S71-VT-334.txt
1,S71-VT-340.txt
1,S71-VT-343.txt
0,S71-SR-1.txt
0,S71-SR-6.txt
0,S71-SR-11.txt
0,S71-SR-12.txt
0,S71-SR-21.txt
0,S71-SR-37.txt
0,S71-SR-48.txt
0,S71-SR-51.txt
0,S71-SR-67.txt
0,S71-SR-234.txt
1,S43-VT-122.txt
1,S43-VT-125.txt
1,S43-VT-135.txt
1,S43-VT-142.txt
1,S43-VT-150.txt
1,S43-VT-151.txt
1,S43-VT-166.txt
1,S43-VT-171.txt
1,S43-VT-174.txt
1,S43-VT-175.txt
1,S43-VT-181.txt
1,S43-VT-183.txt
1,S43-VT-184.txt
0,S43-AFb-81.txt
0,S43-AFb-82.txt
0,S43-AFb-83.txt
0,S43-AFb-84.txt
0,S43-AFb-85.txt
0,S43-AFb-86.txt
0,S43-AFb-87.txt
0,S43-AFb-88.txt
0,S43-AFb-89.txt
0,S43-AFb-90.txt
0,S43-AFb-91.txt
0,S43-AFb-92.txt
0,S43-AFb-93.txt
0,S43-AFb-94.txt
0,S43-AFb-95.txt
0,S43-AFb-96.txt
0,S43-AFb-97.txt
0,S43-AFb-98.txt
0,S43-AFb-99.txt
0,S43-AFb-100.txt
0,S43-AFb-101.txt
0,S43-AFb-102.txt
0,S43-AFb-103.txt
0,S43-AFb-104.txt
0,S43-AFb-105.txt
0,S43-SR-16.txt
0,S43-SR-22.txt
0,S43-SR-44.txt
0,S43-SR-46.txt
0,S43-SR-50.txt
0,S43-SR-65.txt
0,S43-SR-66.txt
0,S43-SR-68.txt
0,S43-SR-77.txt
1,S89-VFb-137.txt
1,S89-VFb-138.txt
1,S89-VFb-139.txt
1,S89-VFb-140.txt
1,S89-VFb-141.txt
1,S89-VFb-142.txt
1,S89-VFb-143.txt
1,S89-VFb-144.txt
1,S89-VFb-145.txt
1,S89-VFb-146.txt
1,S89-VFb-147.txt
1,S89-VFb-148.txt
1,S89-VFb-149.txt
1,S89-VFb-150.txt
1,S89-VFb-151.txt
1,S89-VFb-152.txt
1,S89-VFb-153.txt
1,S89-VFb-154.txt
1,S89-VFb-155.txt
1,S89-VFb-156.txt
0,S89-SR-2.txt
0,S89-SR-11.txt
0,S89-SR-14.txt
0,S89-SR-20.txt
0,S89-SR-33.txt
0,S89-SR-43.txt
0,S89-SR-46.txt
0,S89-SR-65.txt
0,S89-SR-66.txt
0,S89-SR-76.txt
0,S89-SR-92.txt
0,S89-SR-116.txt
0,S89-SR-126.txt
0,S89-SR-132.txt
1,S07-VT-154.txt
1,S07-VT-159.txt
1,S07-VT-175.txt
1,S07-VT-180.txt
1,S07-VT-186.txt
1,S07-VT-192.txt
1,S07-VT-198.txt
0,S07-AFb-1.txt
0,S07-AFb-2.txt
0,S07-AFb-3.txt
0,S07-AFb-4.txt
0,S07-AFb-5.txt
0,S07-AFb-6.txt
0,S07-AFb-7.txt
0,S07-AFb-8.txt
0,S07-AFb-9.txt
0,S07-AFb-10.txt
0,S07-AFb-11.txt
0,S07-AFb-12.txt
0,S07-AFb-13.txt
0,S07-AFb-14.txt
0,S07-AFb-15.txt
0,S07-AFb-16.txt
0,S07-AFb-17.txt
0,S07-AFb-18.txt
0,S07-AFb-19.txt
0,S07-AFb-20.txt
0,S07-AFb-21.txt
0,S07-AFb-22.txt
0,S07-AFb-23.txt
0,S07-AFb-24.txt
0,S07-AFb-25.txt
0,S07-AFb-26.txt
0,S07-AFb-27.txt
0,S07-AFb-28.txt
0,S07-AFb-29.txt
0,S07-AFb-30.txt
0,S07-AFb-31.txt
0,S07-AFb-32.txt
0,S07-AFb-33.txt
0,S07-AFb-34.txt
0,S07-AFb-35.txt
0,S07-AFb-36.txt
0,S07-AFb-37.txt
0,S07-AFb-38.txt
0,S07-AFb-39.txt
0,S07-AFb-40.txt
0,S07-AFb-41.txt
0,S07-AFb-42.txt
0,S07-AFb-43.txt
0,S07-AFb-44.txt
0,S07-AFb-45.txt
0,S07-AFb-46.txt
0,S07-AFb-47.txt
0,S07-AFb-48.txt
0,S07-AFb-49.txt
0,S07-AFb-50.txt
0,S07-AFb-51.txt
0,S07-AFb-52.txt
0,S07-AFb-53.txt
0,S07-AFb-54.txt
0,S07-AFb-55.txt
0,S07-AFb-56.txt
0,S07-AFb-57.txt
0,S07-AFb-58.txt
0,S07-AFb-59.txt
0,S07-AFb-60.txt
0,S07-AFb-61.txt
0,S07-AFb-62.txt
0,S07-AFb-63.txt
0,S07-AFb-64.txt
0,S07-AFb-65.txt
0,S07-AFb-66.txt
0,S07-AFb-67.txt
0,S07-AFb-68.txt
0,S07-AFb-69.txt
0,S07-AFb-70.txt
0,S07-AFb-71.txt
0,S07-AFb-72.txt
0,S07-AFb-73.txt
0,S07-AFb-74.txt
0,S07-AFb-75.txt
0,S07-AFb-76.txt
0,S07-AFb-77.txt
0,S07-AFb-78.txt
0,S07-AFb-79.txt
0,S07-AFb-80.txt
0,S07-AFb-81.txt
0,S07-AFb-82.txt
0,S07-AFb-83.txt
0,S07-AFb-84.txt
0,S07-AFb-85.txt
0,S07-AFb-86.txt
0,S07-AFb-87.txt
0,S07-AFb-88.txt
0,S07-AFb-89.txt
0,S07-AFb-90.txt
0,S07-AFb-91.txt
0,S07-AFb-92.txt
0,S07-AFb-93.txt
0,S07-AFb-94.txt
0,S07-AFb-95.txt
0,S07-AFb-96.txt
0,S07-AFb-97.txt
0,S07-AFb-98.txt
0,S07-AFb-99.txt
0,S07-AFb-100.txt
0,S07-AFb-101.txt
0,S07-AFb-102.txt
0,S07-AFb-103.txt
0,S07-AFb-104.txt
0,S07-AFb-105.txt
0,S07-AFb-106.txt
0,S07-AFb-107.txt
0,S07-AFb-108.txt
0,S07-AFb-109.txt
0,S07-AFb-110.txt
0,S07-AFb-111.txt
0,S07-AFb-112.txt
0,S07-AFb-113.txt
0,S07-AFb-114.txt
0,S07-AFb-115.txt
0,S07-AFb-116.txt
0,S07-AFb-117.txt
0,S07-AFb-118.txt
0,S07-AFb-119.txt
0,S07-AFb-120.txt
0,S07-AFb-121.txt
0,S07-AFb-122.txt
0,S07-AFb-123.txt
0,S07-AFb-124.txt
0,S07-AFb-125.txt
0,S07-AFb-126.txt
0,S07-AFb-127.txt
0,S07-AFb-128.txt
0,S07-AFb-129.txt
0,S07-AFb-130.txt
0,S07-AFb-131.txt
0,S07-AFb-132.txt
0,S07-AFb-133.txt
0,S07-AFb-134.txt
0,S07-AFb-135.txt
0,S07-AFb-136.txt
0,S07-SR-255.txt
0,S07-SR-269.txt
0,S07-SR-286.txt
0,S07-SR-299.txt
0,S07-SR-306.txt
0,S07-SR-315.txt
0,S07-SR-316.txt
1,S60-VT-105.txt
1,S60-VT-107.txt
1,S60-VT-111.txt
1,S60-VT-117.txt
1,S60-VT-118.txt
1,S60-VT-141.txt
1,S60-VT-144.txt
1,S60-VT-155.txt
1,S60-VT-159.txt
1,S60-VT-172.txt
1,S60-VT-179.txt
1,S60-VT-180.txt
1,S60-VT-186.txt
1,S60-VT-189.txt
1,S60-VT-196.txt
1,S60-VT-208.txt
1,S60-VT-215.txt
1,S60-VT-216.txt
1,S60-VT-223.txt
1,S60-VT-236.txt
1,S60-VT-247.txt
1,S60-VT-253.txt
1,S60-VT-262.txt
1,S60-VT-278.txt
1,S60-VT-292.txt
1,S60-VT-294.txt
1,S60-VT-315.txt
1,S60-VT-316.txt
1,S60-VT-317.txt
1,S60-VT-319.txt
1,S60-VT-337.txt
1,S60-VT-338.txt
1,S60-VT-341.txt
1,S60-VT-342.txt
1,S60-VT-345.txt
1,S60-VT-361.txt
1,S60-VT-395.txt
1,S60-VT-398.txt
1,S60-VT-403.txt
1,S60-VT-408.txt
1,S60-VT-413.txt
1,S60-VT-448.txt
1,S60-VT-453.txt
1,S60-VT-461.txt
1,S60-VT-462.txt
1,S60-VT-463.txt
1,S60-VT-479.txt
1,S60-VT-490.txt
1,S60-VT-511.txt
1,S60-VT-518.txt
1,S60-VT-524.txt
1,S60-VT-527.txt
1,S60-VT-550.txt
1,S60-VT-565.txt
1,S60-VT-579.txt
1,S60-VT-584.txt
1,S60-VT-597.txt
1,S60-VT-599.txt
1,S60-VT-611.txt
1,S60-VT-616.txt
1,S60-VT-628.txt
1,S60-VT-638.txt
1,S60-VT-655.txt
1,S60-VT-663.txt
1,S60-VT-670.txt
1,S60-VT-678.txt
1,S60-VT-680.txt
1,S60-VT-693.txt
1,S60-VT-709.txt
1,S60-VT-714.txt
1,S60-VT-716.txt
1,S60-VT-719.txt
0,S60-SR-4.txt
0,S60-SR-12.txt
0,S60-SR-14.txt
0,S60-SR-20.txt
0,S60-SR-25.txt
0,S60-SR-32.txt
0,S60-SR-33.txt
0,S60-SR-52.txt
0,S60-SR-74.txt
0,S60-SR-100.txt
0,S60-SR-104.txt
1,S80-VFb-143.txt
1,S80-VFb-144.txt
1,S80-VFb-145.txt
1,S80-VFb-146.txt
1,S80-VFb-147.txt
1,S80-VFb-148.txt
1,S80-VFb-149.txt
1,S80-VFb-150.txt
1,S80-VFb-151.txt
1,S80-VFb-152.txt
1,S80-VFb-153.txt
1,S80-VFb-154.txt
1,S80-VFb-155.txt
1,S80-VFb-156.txt
1,S80-VFb-157.txt
1,S80-VFb-158.txt
1,S80-VFb-159.txt
1,S80-VFb-160.txt
1,S80-VFb-161.txt
1,S80-VFb-162.txt
1,S80-VFb-163.txt
1,S80-VFb-164.txt
1,S80-VFb-165.txt
1,S80-VFb-166.txt
1,S80-VFb-167.txt
1,S80-VFb-168.txt
1,S80-VFb-169.txt
1,S80-VFb-170.txt
1,S80-VFb-171.txt
1,S80-VFb-172.txt
1,S80-VFb-173.txt
1,S80-VFb-174.txt
1,S80-VFb-175.txt
1,S80-VFb-176.txt
1,S80-VFb-177.txt
1,S80-VFb-178.txt
1,S80-VFb-179.txt
1,S80-VFb-180.txt
1,S80-VFb-181.txt
1,S80-VFb-182.txt
1,S80-VFb-183.txt
1,S80-VFb-184.txt
1,S80-VFb-185.txt
1,S80-VFb-186.txt
1,S80-VFb-187.txt
1,S80-VFb-188.txt
1,S80-VFb-189.txt
1,S80-VFb-190.txt
1,S80-VFb-191.txt
1,S80-VFb-192.txt
1,S80-VFb-193.txt
1,S80-VFb-194.txt
1,S80-VFb-195.txt
1,S80-VFb-196.txt
1,S80-VFb-197.txt
1,S80-VFb-198.txt
1,S80-VFb-199.txt
1,S80-VFb-200.txt
1,S80-VFb-201.txt
1,S80-VFb-202.txt
1,S80-VFb-203.txt
1,S80-VFb-204.txt
1,S80-VFb-205.txt
1,S80-VFb-206.txt
1,S80-VFb-207.txt
1,S80-VFb-208.txt
1,S80-VFb-209.txt
1,S80-VFb-210.txt
1,S80-VFb-211.txt
1,S80-VFb-212.txt
1,S80-VFb-213.txt
1,S80-VFb-214.txt
1,S80-VFb-215.txt
1,S80-VFb-216.txt
1,S80-VFb-217.txt
1,S80-VFb-218.txt
1,S80-VFb-219.txt
1,S80-VFb-220.txt
1,S80-VFb-221.txt
1,S80-VFb-222.txt
1,S80-VFb-223.txt
1,S80-VFb-224.txt
1,S80-VFb-225.txt
1,S80-VFb-226.txt
1,S80-VFb-227.txt
1,S80-VFb-228.txt
1,S80-VFb-229.txt
1,S80-VFb-230.txt
1,S80-VFb-231.txt
1,S80-VFb-232.txt
1,S80-VFb-233.txt
1,S80-VFb-234.txt
1,S80-VFb-235.txt
1,S80-VFb-236.txt
1,S80-VFb-237.txt
1,S80-VFb-238.txt
1,S80-VFb-239.txt
1,S80-VFb-240.txt
1,S80-VFb-241.txt
1,S80-VFb-242.txt
1,S80-VFb-243.txt
1,S80-VFb-244.txt
1,S80-VFb-245.txt
1,S80-VFb-246.txt
1,S80-VFb-247.txt
1,S80-VFb-248.txt
1,S80-VFb-249.txt
1,S80-VFb-250.txt
1,S80-VFb-251.txt
1,S80-VFb-252.txt
1,S80-VFb-253.txt
1,S80-VFb-254.txt
1,S80-VFb-255.txt
1,S80-VFb-256.txt
1,S80-VFb-257.txt
1,S80-VFb-258.txt
1,S80-VFb-259.txt
1,S80-VFb-260.txt
1,S80-VFb-261.txt
1,S80-VFb-262.txt
1,S80-VFb-263.txt
1,S80-VFb-264.txt
1,S80-VFb-265.txt
1,S80-VFb-266.txt
1,S80-VFb-267.txt
1,S80-VFb-268.txt
1,S80-VFb-269.txt
1,S80-VFb-270.txt
1,S80-VFb-271.txt
1,S80-VFb-272.txt
1,S80-VFb-273.txt
1,S80-VFb-274.txt
1,S80-VFb-275.txt
1,S80-VFb-276.txt
1,S80-VFb-277.txt
1,S80-VT-18.txt
0,S80-SR-4.txt
0,S80-SR-15.txt
0,S80-SR-45.txt
0,S80-SR-64.txt
0,S80-SR-76.txt
0,S80-SR-104.txt
0,S80-SR-120.txt
0,S80-SR-124.txt
0,S80-SR-132.txt
0,S80-SR-134.txt
